Run#	#Turns	SynLen
0	234	0
1	553	0
2	856	1
3	255	0
4	416	0
5	218	1
6	7	2
7	39	2
8	31	2
9	52	2
10	49	2
11	7	2
12	23	2
13	8	2
14	48	2
15	20	2
16	15	2
17	83	3
18	312	2
19	97	2
20	61	3
21	14	3
22	91	3
23	21	4
24	288	2
25	26	2
26	66	2
27	7	2
28	49	3
29	20	3
30	34	3
31	96	3
32	20	3
33	7	4
34	195	4
35	144	2
36	8	2
37	8	2
38	19	2
39	44	2
40	10	2
41	57	2
42	80	2
43	11	2
44	68	2
45	77	2
46	10	2
47	9	3
48	20	4
49	73	3
50	16	3
51	20	3
52	85	3
53	18	3
54	136	3
55	47	3
56	60	3
57	7	3
58	40	3
59	27	3
60	60	3
61	29	3
62	41	3
63	157	3
64	9	3
65	105	3
66	249	3
67	20	3
68	10	3
69	18	3
70	8	3
71	10	3
72	73	3
73	85	3
74	7	3
75	99	3
76	48	3
77	29	3
78	23	3
79	29	3
80	81	3
81	7	3
82	7	3
83	10	3
84	36	3
85	15	3
86	20	3
87	290	3
88	38	3
89	41	3
90	22	3
91	12	3
92	15	3
93	65	3
94	13	3
95	8	3
96	20	3
97	19	3
98	58	3
99	73	3
100	37	3
101	81	3
102	12	3
103	92	3
104	27	3
105	54	4
106	225	3
107	10	3
108	15	3
109	63	3
110	67	4
111	39	5
112	27	5
113	8	5
114	28	6
115	50	5
116	10	5
117	137	4
118	22	4
119	96	3
120	7	3
121	115	3
122	10	3
123	18	3
124	17	3
125	47	3
126	9	3
127	76	3
128	120	3
129	55	3
130	13	3
131	72	3
132	44	3
133	10	3
134	7	3
135	9	3
136	42	3
137	14	3
138	14	3
139	139	3
140	171	3
141	32	3
142	27	3
143	15	4
144	22	4
145	297	3
146	22	3
147	9	3
148	11	3
149	22	3
150	12	4
151	131	3
152	10	3
153	117	3
154	31	3
155	31	3
156	88	3
157	123	3
158	36	3
159	31	3
160	11	3
161	27	3
162	95	3
163	49	3
164	172	3
165	9	3
166	16	3
167	9	3
168	38	3
169	25	3
170	47	3
171	245	3
172	68	3
173	28	4
174	134	3
175	19	3
176	39	3
177	16	3
178	49	3
179	7	4
180	109	3
181	63	3
182	45	3
183	49	3
184	74	3
185	229	3
186	7	3
187	42	3
188	23	3
189	12	3
190	30	3
191	184	3
192	58	3
193	76	3
194	7	3
195	13	3
196	23	3
197	71	3
198	8	3
199	157	3
200	7	3
201	64	3
202	78	3
203	140	3
204	17	3
205	77	4
206	12	4
207	40	4
208	242	3
209	15	3
210	17	3
211	14	3
212	12	3
213	41	3
214	140	3
215	13	3
216	13	4
217	10	4
218	39	4
219	51	4
220	17	4
221	31	4
222	24	4
223	99	4
224	75	4
225	69	4
226	14	4
227	85	4
228	25	4
229	45	4
230	18	4
231	309	3
232	16	3
233	45	3
234	7	3
235	8	3
236	41	3
237	11	3
238	182	3
239	23	3
240	50	3
241	92	3
242	55	3
243	45	3
244	19	4
245	18	4
246	216	3
247	10	3
248	20	3
249	13	3
250	27	3
251	23	3
252	67	3
253	234	3
254	13	3
255	36	3
256	10	3
257	167	3
258	90	3
259	111	3
260	9	3
261	109	3
262	15	3
263	20	3
264	74	3
265	146	3
266	26	3
267	14	3
268	16	3
269	12	3
270	22	3
271	72	3
272	131	3
273	49	3
274	7	3
275	15	3
276	11	3
277	39	4
278	34	4
279	7	4
280	211	3
281	7	3
282	8	3
283	11	3
284	7	3
285	17	4
286	71	3
287	15	3
288	9	3
289	66	3
290	11	3
291	9	3
292	31	4
293	8	5
294	8	6
295	174	3
296	26	4
297	14	4
298	95	4
299	31	4
300	99	3
301	62	3
302	16	3
303	30	3
304	177	3
305	213	3
306	16	3
307	14	4
308	19	5
309	10	5
310	44	5
311	19	5
312	9	5
313	28	6
314	10	6
315	11	6
316	8	6
317	31	6
318	8	6
319	33	6
320	11	6
321	9	6
322	88	6
323	62	6
324	30	6
325	54	6
326	15	6
327	70	6
328	15	6
329	32	6
330	8	6
331	12	6
332	37	6
333	71	6
334	17	7
335	54	6
336	43	6
337	164	3
338	140	4
339	22	4
340	8	4
341	31	4
342	8	4
343	24	4
344	124	5
345	20	5
346	63	4
347	142	4
348	14	4
349	42	4
350	120	3
351	95	3
352	16	4
353	39	4
354	61	3
355	116	3
356	40	4
357	25	4
358	93	3
359	47	3
360	11	3
361	12	3
362	10	3
363	50	3
364	15	4
365	109	3
366	8	3
367	51	3
368	13	3
369	237	3
370	49	3
371	10	3
372	53	4
373	48	4
374	72	3
375	11	3
376	11	3
377	7	3
378	68	3
379	38	4
380	143	3
381	12	3
382	27	3
383	34	3
384	22	3
385	78	3
386	58	3
387	54	3
388	14	3
389	20	3
390	21	4
391	49	4
392	61	3
393	53	3
394	88	3
395	35	3
396	65	3
397	52	3
398	127	3
399	18	3
400	22	3
401	52	3
402	32	4
403	13	4
404	12	5
405	53	4
406	9	4
407	119	4
408	9	4
409	26	4
410	21	4
411	9	4
412	31	4
413	8	4
414	22	4
415	82	4
416	7	4
417	9	4
418	57	4
419	23	5
420	12	5
421	66	5
422	7	5
423	16	5
424	178	4
425	12	4
426	10	4
427	10	5
428	41	4
429	12	4
430	9	4
431	17	4
432	44	4
433	7	4
434	42	4
435	9	5
436	34	4
437	17	4
438	23	4
439	7	4
440	10	5
441	43	4
442	7	4
443	63	4
444	8	4
445	8	4
446	9	4
447	7	4
448	36	4
449	18	4
450	13	4
451	8	4
452	9	4
453	7	4
454	72	4
455	39	4
456	8	4
457	32	5
458	35	5
459	11	5
460	10	5
461	93	5
462	23	5
463	51	5
464	15	5
465	38	5
466	24	5
467	35	5
468	10	5
469	20	5
470	36	5
471	47	5
472	9	6
473	33	6
474	14	6
475	8	7
476	77	5
477	12	5
478	35	5
479	11	5
480	7	5
481	9	6
482	27	5
483	60	5
484	10	5
485	66	5
486	8	5
487	96	5
488	63	5
489	78	5
490	67	5
491	10	5
492	81	5
493	13	5
494	17	5
495	12	5
496	13	5
497	8	5
498	32	5
499	56	5
500	49	5
501	49	5
502	7	5
503	72	5
504	119	5
505	11	5
506	32	5
507	11	5
508	21	6
509	8	6
510	25	6
511	127	5
512	20	6
513	40	5
514	12	5
515	34	6
516	37	6
517	17	6
518	73	5
519	7	5
520	29	5
521	15	5
522	20	5
523	42	5
524	26	5
525	9	5
526	36	5
527	8	5
528	12	5
529	8	5
530	7	5
531	10	5
532	11	6
533	68	6
534	34	7
535	9	7
536	10	7
537	11	7
538	10	7
539	8	7
540	48	8
541	111	5
542	12	5
543	54	5
544	10	5
545	15	5
546	14	5
547	35	5
548	15	5
549	35	6
550	64	5
551	13	5
552	16	5
553	40	5
554	56	5
555	9	5
556	23	5
557	60	5
558	9	5
559	10	5
560	141	5
561	68	5
562	8	5
563	11	5
564	14	5
565	18	5
566	7	5
567	33	5
568	25	5
569	46	5
570	9	5
571	7	5
572	9	5
573	31	5
574	39	5
575	34	5
576	13	5
577	15	5
578	34	5
579	13	5
580	26	5
581	10	5
582	42	5
583	12	5
584	65	5
585	72	5
586	13	5
587	19	5
588	27	5
589	8	5
590	7	5
591	102	5
592	8	5
593	45	7
594	41	6
595	8	6
596	61	5
597	30	5
598	14	5
599	22	5
600	11	5
601	13	5
602	43	5
603	76	5
604	29	5
605	11	5
606	29	5
607	8	5
608	43	5
609	7	5
610	21	5
611	33	5
612	82	6
613	45	5
614	16	5
615	67	5
616	89	5
617	11	5
618	54	5
619	153	5
620	9	5
621	8	5
622	11	5
623	12	5
624	20	5
625	9	5
626	98	5
627	9	5
628	11	5
629	18	5
630	28	5
631	15	5
632	61	5
633	41	5
634	7	5
635	11	5
636	20	5
637	24	6
638	11	6
639	28	6
640	91	5
641	68	5
642	8	5
643	32	5
644	87	5
645	39	5
646	10	5
647	16	6
648	29	6
649	9	6
650	30	6
651	99	5
652	77	5
653	7	5
654	8	5
655	28	5
656	12	5
657	41	5
658	9	5
659	9	5
660	42	5
661	7	5
662	11	5
663	11	5
664	10	5
665	53	5
666	9	5
667	10	5
668	13	5
669	12	5
670	12	5
671	22	5
672	7	6
673	137	5
674	19	5
675	36	5
676	19	5
677	13	5
678	11	5
679	32	5
680	95	5
681	9	5
682	11	5
683	166	5
684	9	5
685	7	6
686	15	6
687	9	6
688	9	6
689	16	6
690	9	7
691	32	6
692	107	6
693	77	5
694	54	5
695	8	5
696	25	5
697	39	5
698	37	5
699	11	5
700	69	5
701	17	5
702	10	5
703	93	5
704	39	6
705	45	5
706	51	5
707	29	5
708	14	5
709	10	5
710	14	5
711	9	5
712	25	5
713	13	5
714	8	5
715	13	5
716	16	5
717	22	5
718	18	6
719	14	6
720	93	5
721	24	5
722	29	5
723	64	5
724	10	5
725	62	5
726	8	5
727	12	5
728	11	5
729	41	5
730	39	5
731	51	5
732	66	5
733	39	5
734	22	5
735	7	5
736	67	5
737	8	5
738	32	5
739	9	5
740	113	5
741	32	5
742	9	5
743	9	5
744	17	5
745	68	5
746	14	5
747	38	5
748	11	5
749	51	5
750	98	5
751	7	6
752	55	5
753	13	5
754	28	5
755	61	5
756	9	5
757	22	5
758	8	5
759	10	5
760	26	5
761	27	5
762	52	5
763	12	5
764	8	5
765	35	5
766	16	5
767	8	5
768	47	6
769	81	5
770	23	5
771	12	7
772	17	7
773	74	5
774	10	5
775	22	5
776	11	5
777	53	6
778	10	6
779	7	6
780	13	6
781	9	6
782	147	5
783	9	5
784	7	5
785	100	5
786	24	5
787	7	5
788	12	6
789	35	5
790	53	5
791	15	5
792	8	5
793	11	5
794	38	5
795	14	5
796	9	5
797	13	6
798	7	6
799	69	5
800	49	5
801	10	5
802	33	5
803	110	5
804	82	5
805	11	5
806	43	5
807	64	5
808	9	5
809	30	5
810	35	5
811	22	5
812	34	5
813	7	5
814	42	5
815	35	5
816	22	5
817	28	5
818	23	6
819	40	5
820	14	5
821	34	5
822	8	6
823	16	6
824	21	6
825	38	6
826	113	5
827	8	5
828	44	5
829	7	6
830	50	5
831	7	5
832	7	5
833	34	5
834	39	5
835	50	5
836	29	6
837	19	6
838	16	6
839	28	6
840	9	6
841	7	6
842	12	6
843	13	6
844	13	7
845	11	8
846	49	6
847	72	6
848	11	6
849	31	6
850	7	6
851	40	6
852	19	6
853	19	7
854	19	7
855	16	7
856	46	7
857	32	6
858	8	7
859	7	7
860	35	7
861	92	6
862	7	6
863	29	7
864	29	6
865	12	6
866	42	6
867	41	6
868	18	6
869	8	6
870	12	6
871	10	6
872	22	6
873	8	6
874	16	6
875	50	6
876	29	6
877	51	6
878	8	6
879	9	6
880	57	6
881	93	6
882	13	6
883	10	6
884	10	6
885	15	6
886	8	7
887	51	6
888	8	6
889	43	6
890	43	6
891	8	6
892	75	6
893	7	6
894	57	6
895	25	6
896	9	6
897	9	6
898	15	6
899	9	6
900	11	6
901	8	6
902	99	6
903	9	6
904	34	7
905	10	7
906	33	7
907	8	7
908	8	7
909	51	7
910	33	8
911	10	8
912	9	8
913	27	8
914	7	8
915	9	8
916	229	7
917	52	6
918	174	6
919	36	6
920	104	5
921	11	5
922	35	5
923	8	6
924	39	5
925	55	5
926	31	5
927	33	5
928	32	5
929	7	5
930	12	5
931	18	5
932	178	5
933	27	5
934	9	6
935	26	5
936	31	5
937	53	5
938	29	5
939	8	5
940	12	5
941	26	5
942	9	5
943	17	5
944	103	5
945	37	5
946	45	5
947	9	5
948	11	5
949	20	6
950	8	6
951	59	5
952	94	5
953	8	5
954	36	5
955	7	5
956	33	5
957	45	5
958	7	5
959	83	5
960	46	5
961	38	5
962	7	5
963	36	5
964	25	5
965	15	5
966	8	5
967	10	5
968	25	5
969	60	5
970	8	5
971	26	5
972	21	5
973	8	5
974	9	5
975	104	5
976	13	5
977	61	5
978	55	5
979	7	5
980	7	5
981	59	5
982	11	6
983	55	5
984	11	5
985	19	5
986	17	6
987	62	5
988	15	6
989	100	5
990	10	5
991	9	5
992	23	5
993	188	5
994	47	5
995	33	5
996	28	5
997	55	5
998	47	5
999	49	5
1000	64	5
1001	12	6
1002	8	6
1003	8	6
1004	38	6
1005	42	6
1006	51	6
1007	15	7
1008	11	7
1009	18	7
1010	11	7
1011	99	6
1012	105	5
1013	108	6
1014	42	5
1015	34	5
1016	119	5
1017	21	5
1018	48	5
1019	11	5
1020	10	5
1021	50	5
1022	29	5
1023	20	5
1024	8	6
1025	9	6
1026	37	6
1027	66	5
1028	101	5
1029	58	6
1030	14	6
1031	50	6
1032	17	6
1033	32	6
1034	56	6
1035	74	5
1036	78	5
1037	73	5
1038	8	5
1039	12	5
1040	28	5
1041	59	5
1042	9	5
1043	48	5
1044	11	5
1045	9	5
1046	73	5
1047	22	5
1048	27	5
1049	14	5
1050	25	5
1051	31	5
1052	47	5
1053	8	5
1054	14	5
1055	152	5
1056	9	5
1057	22	5
1058	8	5
1059	51	5
1060	11	5
1061	53	5
1062	29	5
1063	103	5
1064	8	5
1065	8	5
1066	10	5
1067	62	5
1068	18	5
1069	9	5
1070	34	5
1071	10	6
1072	7	6
1073	60	5
1074	11	5
1075	9	5
1076	87	5
1077	11	5
1078	10	5
1079	8	5
1080	7	5
1081	115	5
1082	122	5
1083	38	5
1084	49	5
1085	11	5
1086	48	5
1087	83	5
1088	8	5
1089	107	5
1090	9	5
1091	63	5
1092	9	5
1093	43	5
1094	8	5
1095	24	5
1096	7	5
1097	12	5
1098	12	5
1099	67	5
1100	20	5
1101	54	5
1102	52	5
1103	27	5
1104	36	5
1105	34	5
1106	8	5
1107	9	5
1108	34	5
1109	67	5
1110	24	5
1111	32	5
1112	30	5
1113	22	5
1114	10	5
1115	30	5
1116	29	6
1117	12	6
1118	37	6
1119	8	6
1120	32	6
1121	43	6
1122	10	6
1123	11	6
1124	29	7
1125	60	6
1126	10	6
1127	8	6
1128	56	6
1129	15	6
1130	10	6
1131	30	6
1132	9	6
1133	12	6
1134	45	6
1135	8	6
1136	13	6
1137	7	6
1138	15	6
1139	40	6
1140	65	6
1141	46	6
1142	88	7
1143	29	7
1144	31	6
1145	38	6
1146	25	6
1147	13	6
1148	125	6
1149	15	6
1150	11	6
1151	118	5
1152	24	6
1153	11	6
1154	9	6
1155	23	6
1156	7	6
1157	36	7
1158	29	6
1159	8	6
1160	22	6
1161	13	6
1162	9	7
1163	99	6
1164	8	6
1165	21	6
1166	12	6
1167	86	6
1168	13	6
1169	10	6
1170	18	6
1171	12	6
1172	13	6
1173	152	6
1174	44	5
1175	45	5
1176	68	5
1177	37	5
1178	49	5
1179	74	5
1180	45	5
1181	31	5
1182	35	5
1183	37	5
1184	22	5
1185	53	5
1186	8	5
1187	34	5
1188	44	5
1189	8	5
1190	45	5
1191	105	5
1192	50	6
1193	13	6
1194	39	6
1195	13	6
1196	8	6
1197	61	6
1198	60	5
1199	9	5
1200	12	5
1201	15	5
1202	13	5
1203	74	5
1204	10	6
1205	32	5
1206	69	5
1207	12	5
1208	14	5
1209	7	5
1210	135	5
1211	73	5
1212	15	6
1213	12	6
1214	12	7
1215	32	7
1216	7	7
1217	39	6
1218	14	6
1219	101	5
1220	11	5
1221	14	5
1222	25	5
1223	38	6
1224	19	6
1225	43	5
1226	7	5
1227	7	5
1228	11	5
1229	54	5
1230	106	5
1231	8	5
1232	10	5
1233	30	5
1234	14	6
1235	15	6
1236	11	6
1237	9	6
1238	10	6
1239	11	6
1240	34	6
1241	8	6
1242	21	7
1243	110	6
1244	7	6
1245	143	5
1246	10	5
1247	50	5
1248	50	5
1249	78	5
1250	7	5
1251	13	6
1252	8	6
1253	22	6
1254	45	6
1255	8	6
1256	49	6
1257	23	6
1258	31	6
1259	101	5
1260	32	6
1261	58	5
1262	43	5
1263	54	6
1264	58	5
1265	8	5
1266	34	5
1267	61	6
1268	8	6
1269	33	6
1270	16	6
1271	17	7
1272	130	6
1273	12	6
1274	45	6
1275	9	6
1276	7	6
1277	58	6
1278	11	6
1279	54	6
1280	64	6
1281	13	6
1282	15	6
1283	45	7
1284	59	6
1285	15	6
1286	36	6
1287	8	6
1288	19	6
1289	100	6
1290	8	6
1291	96	5
1292	33	5
1293	38	5
1294	27	5
1295	65	5
1296	63	5
1297	42	5
1298	8	5
1299	28	5
1300	38	5
1301	36	5
1302	50	5
1303	13	5
1304	58	5
1305	17	7
1306	7	7
1307	9	7
1308	91	5
1309	47	5
1310	18	5
1311	16	6
1312	41	5
1313	78	6
1314	14	6
1315	13	6
1316	52	6
1317	66	5
1318	8	5
1319	10	5
1320	21	5
1321	164	5
1322	22	6
1323	10	6
1324	27	6
1325	71	5
1326	11	5
1327	13	5
1328	12	5
1329	16	5
1330	9	5
1331	45	5
1332	10	6
1333	8	6
1334	28	6
1335	22	6
1336	63	5
1337	9	5
1338	7	5
1339	13	5
1340	9	6
1341	14	6
1342	29	6
1343	63	5
1344	58	5
1345	7	5
1346	34	5
1347	16	5
1348	14	5
1349	14	5
1350	8	5
1351	10	5
1352	18	5
1353	9	5
1354	29	6
1355	16	6
1356	71	5
1357	31	5
1358	50	5
1359	7	5
1360	25	5
1361	13	5
1362	31	5
1363	12	5
1364	7	5
1365	9	5
1366	16	6
1367	10	6
1368	57	6
1369	23	6
1370	48	5
1371	13	5
1372	25	5
1373	7	5
1374	7	5
1375	7	5
1376	68	5
1377	10	5
1378	12	5
1379	81	5
1380	8	5
1381	25	5
1382	11	5
1383	7	5
1384	57	5
1385	15	5
1386	66	5
1387	11	5
1388	10	5
1389	40	5
1390	7	5
1391	62	5
1392	17	5
1393	106	5
1394	71	5
1395	57	5
1396	51	5
1397	23	6
1398	13	6
1399	23	6
1400	29	6
1401	38	6
1402	79	5
1403	29	5
1404	20	5
1405	55	6
1406	41	5
1407	42	5
1408	8	5
1409	102	5
1410	10	5
1411	11	5
1412	11	6
1413	11	6
1414	9	6
1415	50	6
1416	13	6
1417	10	6
1418	14	6
1419	31	6
1420	9	6
1421	24	6
1422	149	6
1423	37	6
1424	7	6
1425	12	6
1426	30	6
1427	7	7
1428	65	7
1429	39	6
1430	8	6
1431	8	6
1432	9	6
1433	10	6
1434	25	6
1435	36	7
1436	8	7
1437	26	7
1438	17	7
1439	53	7
1440	44	6
1441	7	6
1442	94	6
1443	7	6
1444	10	6
1445	10	6
1446	15	6
1447	8	6
1448	38	6
1449	29	6
1450	12	6
1451	14	6
1452	10	6
1453	40	6
1454	49	6
1455	31	6
1456	108	6
1457	123	6
1458	8	6
1459	191	5
1460	58	5
1461	26	5
1462	10	6
1463	22	6
1464	16	6
1465	8	6
1466	11	6
1467	17	6
1468	11	6
1469	9	6
1470	63	6
1471	8	6
1472	12	6
1473	29	7
1474	55	6
1475	8	6
1476	11	6
1477	44	6
1478	44	6
1479	12	6
1480	12	6
1481	10	6
1482	25	7
1483	41	6
1484	124	6
1485	7	6
1486	26	6
1487	41	6
1488	154	5
1489	18	5
1490	91	6
1491	69	5
1492	10	5
1493	14	5
1494	9	5
1495	11	5
1496	7	5
1497	29	5
1498	9	5
1499	11	5
1500	7	5
1501	58	5
1502	16	5
1503	90	5
1504	26	5
1505	14	5
1506	13	5
1507	40	5
1508	9	5
1509	15	5
1510	7	6
1511	33	6
1512	13	6
1513	11	6
1514	31	6
1515	9	6
1516	46	6
1517	21	6
1518	9	7
1519	9	7
1520	34	7
1521	11	7
1522	9	7
1523	17	8
1524	40	7
1525	25	7
1526	9	7
1527	107	7
1528	42	6
1529	57	6
1530	13	6
1531	30	6
1532	8	6
1533	10	7
1534	44	6
1535	10	6
1536	21	6
1537	81	6
1538	38	6
1539	17	6
1540	8	6
1541	37	6
1542	29	6
1543	9	7
1544	15	7
1545	22	7
1546	13	7
1547	13	7
1548	36	7
1549	14	7
1550	76	7
1551	21	7
1552	16	7
1553	11	7
1554	46	7
1555	52	7
1556	42	6
1557	14	6
1558	21	6
1559	10	6
1560	34	6
1561	9	6
1562	9	6
1563	7	7
1564	35	6
1565	59	6
1566	30	6
1567	8	6
1568	39	6
1569	9	6
1570	44	6
1571	9	7
1572	41	6
1573	12	6
1574	50	6
1575	53	6
1576	7	6
1577	30	6
1578	113	7
1579	13	7
1580	53	7
1581	51	6
1582	47	6
1583	35	6
1584	28	6
1585	18	6
1586	8	6
1587	35	6
1588	10	6
1589	65	6
1590	8	7
1591	52	6
1592	20	6
1593	11	6
1594	51	6
1595	41	6
1596	46	6
1597	82	6
1598	7	6
1599	18	6
1600	17	6
1601	11	6
1602	128	6
1603	52	6
1604	11	6
1605	8	6
1606	73	6
1607	21	6
1608	112	5
1609	7	5
1610	22	5
1611	28	6
1612	51	6
1613	79	5
1614	41	5
1615	7	5
1616	29	5
1617	28	5
1618	32	5
1619	23	5
1620	60	5
1621	8	5
1622	25	5
1623	8	5
1624	82	5
1625	29	5
1626	26	5
1627	22	5
1628	36	5
1629	15	5
1630	33	5
1631	26	5
1632	16	5
1633	28	5
1634	10	5
1635	12	5
1636	9	5
1637	7	5
1638	10	5
1639	9	5
1640	15	5
1641	13	5
1642	27	5
1643	7	5
1644	11	5
1645	58	5
1646	37	5
1647	8	5
1648	9	5
1649	59	5
1650	8	5
1651	24	5
1652	62	5
1653	33	6
1654	61	5
1655	47	5
1656	14	5
1657	13	5
1658	118	5
1659	12	5
1660	56	5
1661	9	5
1662	34	5
1663	23	5
1664	50	5
1665	12	5
1666	7	5
1667	33	6
1668	108	5
1669	15	6
1670	24	6
1671	14	6
1672	144	6
1673	45	5
1674	12	5
1675	14	5
1676	26	5
1677	8	5
1678	74	5
1679	11	5
1680	34	5
1681	50	5
1682	13	5
1683	20	5
1684	26	6
1685	76	5
1686	12	5
1687	134	5
1688	7	5
1689	7	5
1690	19	5
1691	103	5
1692	13	5
1693	15	5
1694	8	5
1695	7	5
1696	29	5
1697	35	5
1698	18	5
1699	26	5
1700	81	6
1701	43	5
1702	10	5
1703	9	5
1704	23	5
1705	14	5
1706	30	5
1707	75	5
1708	8	5
1709	59	6
1710	65	5
1711	14	5
1712	60	5
1713	14	5
1714	8	5
1715	8	5
1716	9	5
1717	10	5
1718	12	6
1719	26	6
1720	75	5
1721	111	5
1722	8	5
1723	10	5
1724	11	5
1725	14	5
1726	29	5
1727	18	6
1728	12	6
1729	9	6
1730	62	6
1731	36	6
1732	31	6
1733	9	6
1734	9	6
1735	7	6
1736	25	6
1737	74	6
1738	16	6
1739	88	6
1740	12	6
1741	9	6
1742	78	7
1743	14	8
1744	168	5
1745	15	6
1746	43	5
1747	31	5
1748	63	5
1749	28	5
1750	9	5
1751	8	5
1752	43	5
1753	8	5
1754	25	5
1755	9	5
1756	13	5
1757	13	5
1758	61	5
1759	45	5
1760	100	5
1761	57	5
1762	7	5
1763	7	5
1764	18	5
1765	107	5
1766	37	5
1767	85	5
1768	16	5
1769	55	5
1770	12	5
1771	35	5
1772	55	5
1773	14	6
1774	44	5
1775	8	5
1776	38	5
1777	30	5
1778	8	5
1779	9	5
1780	32	6
1781	12	6
1782	10	6
1783	7	6
1784	17	6
1785	23	6
1786	42	6
1787	16	6
1788	15	7
1789	12	7
1790	8	7
1791	8	7
1792	11	8
1793	10	8
1794	28	8
1795	22	8
1796	20	8
1797	61	8
1798	97	7
1799	28	7
1800	29	7
1801	21	8
1802	51	6
1803	33	7
1804	32	6
1805	78	6
1806	122	6
1807	34	6
1808	10	6
1809	38	6
1810	34	7
1811	23	7
1812	136	5
1813	72	5
1814	30	5
1815	44	5
1816	83	5
1817	10	5
1818	43	5
1819	79	5
1820	65	6
1821	18	6
1822	46	6
1823	30	7
1824	43	5
1825	65	5
1826	36	5
1827	67	5
1828	34	5
1829	50	5
1830	13	5
1831	12	5
1832	21	5
1833	145	5
1834	40	5
1835	50	5
1836	182	5
1837	22	6
1838	15	6
1839	47	6
1840	25	6
1841	74	5
1842	58	5
1843	17	6
1844	15	7
1845	16	7
1846	34	7
1847	22	7
1848	32	7
1849	40	6
1850	121	5
1851	58	5
1852	30	5
1853	15	5
1854	58	5
1855	29	5
1856	8	5
1857	25	5
1858	50	5
1859	64	5
1860	46	5
1861	22	5
1862	41	5
1863	57	5
1864	12	5
1865	12	5
1866	10	5
1867	22	5
1868	32	5
1869	50	5
1870	8	5
1871	9	5
1872	9	5
1873	21	5
1874	20	5
1875	7	5
1876	11	5
1877	11	5
1878	35	6
1879	9	6
1880	8	6
1881	50	6
1882	10	6
1883	64	6
1884	37	7
1885	7	7
1886	7	7
1887	157	5
1888	15	5
1889	9	5
1890	79	5
1891	64	5
1892	158	5
1893	137	5
1894	7	5
1895	36	5
1896	27	5
1897	19	5
1898	14	5
1899	60	5
1900	24	5
1901	27	5
1902	10	5
1903	44	5
1904	12	6
1905	37	5
1906	115	5
1907	97	5
1908	12	5
1909	29	5
1910	9	5
1911	28	5
1912	208	5
1913	56	5
1914	57	5
1915	21	5
1916	40	5
1917	17	5
1918	8	5
1919	7	6
1920	14	6
1921	73	5
1922	13	5
1923	11	5
1924	10	5
1925	51	5
1926	25	5
1927	38	5
1928	7	5
1929	9	5
1930	9	5
1931	10	5
1932	78	5
1933	72	5
1934	57	5
1935	12	5
1936	24	6
1937	7	6
1938	37	6
1939	18	6
1940	16	6
1941	9	7
1942	46	6
1943	7	6
1944	96	6
1945	56	5
1946	9	5
1947	75	5
1948	58	6
1949	36	6
1950	9	6
1951	48	6
1952	11	7
1953	92	5
1954	39	5
1955	39	5
1956	17	5
1957	34	5
1958	10	5
1959	71	5
1960	9	5
1961	43	5
1962	16	5
1963	64	5
1964	8	5
1965	41	5
1966	81	5
1967	38	5
1968	20	5
1969	19	6
1970	29	5
1971	20	5
1972	13	6
1973	7	6
1974	13	6
1975	12	6
1976	24	6
1977	52	6
1978	58	6
1979	152	5
1980	69	5
1981	55	5
1982	14	5
1983	70	5
1984	8	5
1985	16	5
1986	31	5
1987	16	5
1988	140	5
1989	25	5
1990	13	5
1991	58	5
1992	21	5
1993	19	5
1994	7	5
1995	16	5
1996	47	5
1997	25	5
1998	32	5
1999	19	5
2000	9	5
2001	10	5
2002	14	5
2003	49	5
2004	32	5
2005	34	5
2006	8	6
2007	74	6
2008	58	5
2009	10	5
2010	27	5
2011	78	5
2012	20	5
2013	10	6
2014	42	6
2015	54	5
2016	16	6
2017	7	6
2018	43	6
2019	13	6
2020	101	6
2021	100	6
2022	22	6
2023	9	6
2024	75	6
2025	11	6
2026	48	6
2027	87	5
2028	46	5
2029	7	5
2030	102	6
2031	56	5
2032	66	5
2033	8	6
2034	23	6
2035	13	6
2036	139	5
2037	114	5
2038	11	5
2039	41	5
2040	12	5
2041	8	5
2042	7	5
2043	39	5
2044	8	5
2045	9	6
2046	44	6
2047	93	5
2048	31	5
2049	12	5
2050	16	5
2051	73	5
2052	8	5
2053	7	5
2054	28	5
2055	10	6
2056	12	6
2057	7	6
2058	69	6
2059	15	6
2060	68	6
2061	30	6
2062	22	6
2063	59	5
2064	60	5
2065	34	5
2066	30	5
2067	8	5
2068	13	6
2069	43	5
2070	14	5
2071	24	5
2072	9	6
2073	62	5
2074	7	5
2075	44	5
2076	8	5
2077	36	5
2078	94	5
2079	82	5
2080	17	5
2081	35	5
2082	9	5
2083	13	5
2084	117	5
2085	52	6
2086	7	6
2087	8	6
2088	33	6
2089	118	5
2090	15	5
2091	23	5
2092	32	5
2093	7	5
2094	36	5
2095	7	5
2096	40	5
2097	8	5
2098	31	5
2099	117	5
2100	27	5
2101	64	5
2102	23	5
2103	50	5
2104	31	5
2105	31	5
2106	19	5
2107	11	5
2108	10	5
2109	50	5
2110	21	5
2111	7	5
2112	9	5
2113	9	5
2114	12	5
2115	67	5
2116	10	5
2117	9	5
2118	33	5
2119	41	5
2120	11	5
2121	10	5
2122	38	5
2123	43	5
2124	8	5
2125	54	5
2126	20	5
2127	10	5
2128	42	5
2129	17	5
2130	146	5
2131	10	5
2132	11	5
2133	47	5
2134	67	5
2135	54	5
2136	12	5
2137	167	5
2138	9	5
2139	11	5
2140	63	5
2141	12	5
2142	93	5
2143	56	6
2144	213	5
2145	57	5
2146	18	5
2147	10	5
2148	70	5
2149	29	5
2150	25	5
2151	28	5
2152	7	5
2153	9	5
2154	10	5
2155	108	5
2156	35	5
2157	28	5
2158	44	7
2159	78	6
2160	9	6
2161	7	6
2162	43	7
2163	36	6
2164	31	6
2165	16	6
2166	28	6
2167	61	6
2168	71	5
2169	51	5
2170	17	5
2171	40	5
2172	34	5
2173	11	5
2174	145	5
2175	51	5
2176	106	5
2177	7	5
2178	12	5
2179	24	5
2180	7	5
2181	94	5
2182	7	5
2183	39	5
2184	25	6
2185	74	6
2186	38	6
2187	10	6
2188	64	5
2189	10	5
2190	10	5
2191	126	5
2192	8	5
2193	20	5
2194	35	5
2195	32	5
2196	11	5
2197	8	5
2198	37	5
2199	59	5
2200	42	5
2201	9	5
2202	80	5
2203	92	5
2204	65	5
2205	89	5
2206	8	5
2207	9	5
2208	30	6
2209	11	6
2210	50	6
2211	73	5
2212	35	5
2213	10	5
2214	7	5
2215	54	5
2216	11	5
2217	8	6
2218	75	5
2219	37	5
2220	10	5
2221	74	5
2222	11	5
2223	57	5
2224	8	5
2225	37	5
2226	9	6
2227	23	6
2228	38	5
2229	8	5
2230	10	5
2231	29	5
2232	50	5
2233	34	5
2234	36	5
2235	67	5
2236	73	5
2237	9	5
2238	71	5
2239	49	5
2240	42	5
2241	13	5
2242	10	5
2243	35	6
2244	28	6
2245	87	5
2246	11	5
2247	10	5
2248	9	5
2249	11	5
2250	12	6
2251	28	5
2252	9	5
2253	22	5
2254	46	5
2255	8	5
2256	7	5
2257	90	5
2258	18	5
2259	13	6
2260	75	5
2261	9	5
2262	7	5
2263	32	5
2264	127	5
2265	13	5
2266	51	5
2267	7	6
2268	47	5
2269	29	5
2270	16	5
2271	77	5
2272	63	5
2273	63	5
2274	19	5
2275	24	5
2276	12	5
2277	10	5
2278	14	5
2279	15	5
2280	9	5
2281	7	5
2282	10	6
2283	41	5
2284	10	5
2285	10	6
2286	12	7
2287	12	7
2288	13	7
2289	9	7
2290	16	7
2291	12	7
2292	49	7
2293	41	8
2294	16	8
2295	101	5
2296	7	5
2297	31	6
2298	12	6
2299	44	5
2300	16	5
2301	37	5
2302	66	5
2303	27	6
2304	14	6
2305	34	6
2306	8	7
2307	83	5
2308	11	5
2309	72	5
2310	35	5
2311	40	5
2312	31	5
2313	15	5
2314	60	5
2315	14	5
2316	42	5
2317	9	5
2318	29	5
2319	9	5
2320	40	5
2321	27	5
2322	31	5
2323	37	5
2324	29	5
2325	71	5
2326	47	5
2327	18	5
2328	49	5
2329	14	5
2330	33	5
2331	21	5
2332	8	5
2333	44	5
2334	46	5
2335	12	5
2336	60	5
2337	8	5
2338	11	6
2339	9	6
2340	58	5
2341	57	5
2342	22	5
2343	12	5
2344	9	5
2345	16	5
2346	46	5
2347	17	5
2348	11	5
2349	27	5
2350	8	5
2351	26	5
2352	61	5
2353	57	5
2354	8	5
2355	22	5
2356	45	6
2357	20	6
2358	11	7
2359	8	7
2360	13	7
2361	18	7
2362	12	7
2363	8	7
2364	12	7
2365	26	7
2366	39	7
2367	10	7
2368	103	7
2369	14	7
2370	12	8
2371	16	8
2372	12	8
2373	35	8
2374	15	9
2375	114	6
2376	12	6
2377	10	6
2378	16	6
2379	86	6
2380	8	6
2381	15	6
2382	14	6
2383	29	7
2384	30	6
2385	13	6
2386	45	6
2387	29	6
2388	7	6
2389	41	6
2390	9	7
2391	26	7
2392	9	8
2393	9	8
2394	10	8
2395	37	8
2396	10	8
2397	14	8
2398	68	7
2399	15	7
2400	10	7
2401	33	7
2402	7	7
2403	112	6
2404	74	6
2405	33	6
2406	60	6
2407	10	6
2408	19	6
2409	95	6
2410	7	6
2411	8	6
2412	139	5
2413	52	5
2414	36	5
2415	9	5
2416	12	6
2417	33	5
2418	25	5
2419	8	5
2420	33	5
2421	8	5
2422	22	5
2423	9	5
2424	10	5
2425	8	5
2426	16	5
2427	93	5
2428	8	5
2429	10	5
2430	64	5
2431	13	5
2432	71	5
2433	48	5
2434	76	5
2435	7	5
2436	34	5
2437	29	5
2438	7	5
2439	20	5
2440	24	5
2441	8	5
2442	47	5
2443	13	5
2444	37	5
2445	7	5
2446	8	5
2447	7	5
2448	17	5
2449	65	5
2450	8	5
2451	10	5
2452	9	5
2453	48	5
2454	7	5
2455	65	5
2456	13	5
2457	32	5
2458	22	5
2459	51	5
2460	9	5
2461	64	5
2462	68	5
2463	39	5
2464	15	5
2465	12	5
2466	7	5
2467	11	5
2468	7	5
2469	45	5
2470	11	5
2471	63	5
2472	11	5
2473	37	5
2474	8	5
2475	17	5
2476	7	5
2477	8	5
2478	22	5
2479	59	5
2480	125	5
2481	19	5
2482	10	5
2483	11	5
2484	8	5
2485	7	6
2486	8	6
2487	10	6
2488	44	6
2489	23	6
2490	13	7
2491	13	7
2492	9	7
2493	46	7
2494	69	6
2495	60	5
2496	96	5
2497	67	5
2498	11	5
2499	8	5
2500	211	6
2501	21	6
2502	25	6
2503	64	5
2504	49	5
2505	7	5
2506	116	5
2507	12	5
2508	21	5
2509	23	5
2510	20	5
2511	105	5
2512	12	5
2513	15	5
2514	62	5
2515	20	5
2516	13	5
2517	60	5
2518	22	5
2519	23	5
2520	35	5
2521	47	5
2522	8	5
2523	85	6
2524	90	5
2525	22	5
2526	9	5
2527	61	5
2528	42	5
2529	9	5
2530	12	5
2531	7	5
2532	13	6
2533	72	5
2534	17	5
2535	8	5
2536	17	5
2537	22	5
2538	13	5
2539	9	5
2540	10	5
2541	13	5
2542	28	5
2543	132	5
2544	9	5
2545	86	5
2546	24	6
2547	16	6
2548	101	5
2549	53	5
2550	45	5
2551	10	5
2552	10	5
2553	31	5
2554	9	5
2555	81	5
2556	43	5
2557	8	5
2558	7	5
2559	9	5
2560	56	5
2561	12	5
2562	7	5
2563	40	5
2564	13	5
2565	31	5
2566	9	5
2567	10	5
2568	143	5
2569	7	6
2570	87	5
2571	28	5
2572	11	5
2573	25	5
2574	10	5
2575	8	5
2576	11	5
2577	35	5
2578	59	5
2579	14	5
2580	29	5
2581	15	5
2582	19	5
2583	14	5
2584	33	5
2585	9	5
2586	9	5
2587	9	5
2588	18	5
2589	13	5
2590	46	5
2591	32	5
2592	10	5
2593	13	5
2594	43	5
2595	32	5
2596	91	5
2597	18	5
2598	10	5
2599	75	5
2600	8	5
2601	45	5
2602	15	5
2603	64	5
2604	11	5
2605	23	5
2606	10	5
2607	13	5
2608	14	5
2609	32	5
2610	94	5
2611	22	5
2612	38	5
2613	14	5
2614	7	5
2615	22	5
2616	48	5
2617	12	5
2618	32	5
2619	10	5
2620	8	5
2621	10	5
2622	8	5
2623	30	5
2624	17	5
2625	32	6
2626	8	6
2627	110	5
2628	8	5
2629	11	5
2630	8	5
2631	43	5
2632	8	5
2633	57	6
2634	14	6
2635	74	5
2636	27	5
2637	9	5
2638	35	6
2639	41	6
2640	37	5
2641	72	5
2642	18	5
2643	30	5
2644	7	5
2645	12	5
2646	69	5
2647	7	5
2648	38	6
2649	11	6
2650	18	6
2651	106	6
2652	38	6
2653	34	5
2654	33	5
2655	34	5
2656	8	5
2657	7	6
2658	140	5
2659	44	5
2660	42	5
2661	7	5
2662	37	5
2663	12	5
2664	9	6
2665	8	6
2666	48	6
2667	81	5
2668	12	5
2669	32	5
2670	64	5
2671	50	5
2672	8	5
2673	11	6
2674	11	6
2675	17	6
2676	100	5
2677	26	5
2678	56	5
2679	8	5
2680	53	5
2681	26	5
2682	11	5
2683	7	5
2684	11	5
2685	30	5
2686	26	5
2687	7	5
2688	73	5
2689	8	5
2690	12	5
2691	7	5
2692	13	5
2693	13	5
2694	27	5
2695	7	5
2696	10	5
2697	7	5
2698	8	5
2699	74	6
2700	63	6
2701	98	5
2702	7	5
2703	9	5
2704	42	5
2705	29	5
2706	51	5
2707	31	5
2708	10	5
2709	11	5
2710	102	5
2711	12	5
2712	123	5
2713	14	7
2714	13	7
2715	8	7
2716	24	7
2717	56	7
2718	48	6
2719	16	6
2720	11	7
2721	12	7
2722	131	5
2723	24	5
2724	47	5
2725	8	5
2726	9	5
2727	25	5
2728	11	5
2729	10	5
2730	30	5
2731	122	6
2732	16	6
2733	17	6
2734	38	6
2735	100	5
2736	35	5
2737	49	5
2738	21	5
2739	8	5
2740	59	5
2741	17	5
2742	7	5
2743	27	6
2744	8	6
2745	14	6
2746	42	8
2747	52	5
2748	34	5
2749	88	5
2750	117	5
2751	9	5
2752	48	5
2753	26	5
2754	8	5
2755	13	5
2756	20	5
2757	19	5
2758	16	5
2759	61	5
2760	36	5
2761	26	6
2762	12	6
2763	56	6
2764	12	6
2765	10	6
2766	9	6
2767	31	6
2768	7	7
2769	19	7
2770	17	7
2771	11	7
2772	16	7
2773	167	6
2774	26	6
2775	64	5
2776	7	5
2777	8	5
2778	64	5
2779	113	5
2780	19	5
2781	11	5
2782	8	5
2783	26	5
2784	103	5
2785	70	6
2786	11	6
2787	14	6
2788	41	6
2789	9	6
2790	8	6
2791	71	7
2792	50	6
2793	10	6
2794	43	6
2795	12	6
2796	8	6
2797	10	6
2798	42	6
2799	22	7
2800	46	6
2801	25	6
2802	97	6
2803	13	6
2804	20	6
2805	72	6
2806	24	7
2807	7	7
2808	113	5
2809	7	5
2810	10	5
2811	10	5
2812	36	5
2813	23	5
2814	9	5
2815	88	5
2816	9	5
2817	14	5
2818	50	5
2819	50	5
2820	33	6
2821	89	6
2822	30	5
2823	10	5
2824	32	5
2825	9	5
2826	14	5
2827	15	5
2828	7	5
2829	77	5
2830	10	5
2831	30	5
2832	8	6
2833	57	5
2834	11	5
2835	20	5
2836	31	5
2837	8	5
2838	79	6
2839	11	6
2840	41	6
2841	10	6
2842	13	6
2843	8	6
2844	44	6
2845	46	6
2846	111	5
2847	9	5
2848	41	5
2849	26	5
2850	165	5
2851	53	5
2852	8	5
2853	7	5
2854	45	5
2855	45	5
2856	35	5
2857	15	5
2858	8	5
2859	39	6
2860	10	6
2861	37	6
2862	31	6
2863	15	6
2864	7	6
2865	43	6
2866	24	6
2867	84	5
2868	13	5
2869	67	5
2870	71	5
2871	40	5
2872	12	5
2873	9	5
2874	53	5
2875	26	5
2876	22	5
2877	25	5
2878	7	5
2879	28	5
2880	68	6
2881	27	6
2882	9	7
2883	75	5
2884	50	5
2885	12	5
2886	17	5
2887	74	5
2888	13	5
2889	86	5
2890	14	5
2891	43	5
2892	34	5
2893	48	5
2894	18	5
2895	62	5
2896	12	5
2897	7	5
2898	20	5
2899	9	6
2900	62	5
2901	28	5
2902	50	5
2903	10	5
2904	31	6
2905	82	5
2906	18	5
2907	8	5
2908	66	6
2909	32	5
2910	12	5
2911	22	6
2912	34	5
2913	65	5
2914	9	5
2915	10	5
2916	24	6
2917	79	5
2918	119	5
2919	27	6
2920	31	5
2921	122	5
2922	11	5
2923	126	5
2924	18	6
2925	47	5
2926	24	5
2927	29	5
2928	11	5
2929	150	5
2930	25	5
2931	10	5
2932	35	5
2933	102	5
2934	20	6
2935	29	5
2936	9	5
2937	7	5
2938	33	5
2939	11	5
2940	66	5
2941	9	5
2942	7	5
2943	11	5
2944	9	5
2945	34	5
2946	25	5
2947	24	5
2948	12	5
2949	42	5
2950	14	5
2951	30	5
2952	14	5
2953	118	5
2954	22	5
2955	78	5
2956	17	5
2957	66	6
2958	9	6
2959	23	6
2960	29	6
2961	12	6
2962	8	6
2963	19	6
2964	10	6
2965	31	6
2966	11	6
2967	28	6
2968	39	6
2969	8	6
2970	63	6
2971	23	6
2972	119	6
2973	11	6
2974	17	6
2975	13	6
2976	13	6
2977	70	6
2978	13	6
2979	44	6
2980	65	6
2981	44	6
2982	7	6
2983	15	6
2984	8	6
2985	69	6
2986	49	6
2987	77	5
2988	34	5
2989	23	6
2990	47	5
2991	46	5
2992	14	5
2993	8	5
2994	7	6
2995	11	6
2996	69	6
2997	9	6
2998	30	6
2999	132	5
3000	40	5
3001	31	5
3002	7	6
3003	84	5
3004	16	5
3005	37	6
3006	12	7
3007	116	5
3008	8	5
3009	109	5
3010	38	5
3011	32	5
3012	27	5
3013	28	5
3014	36	6
3015	16	6
3016	28	6
3017	142	5
3018	67	5
3019	9	5
3020	31	5
3021	8	6
3022	22	6
3023	93	5
3024	60	6
3025	63	5
3026	8	5
3027	9	5
3028	7	5
3029	31	5
3030	7	5
3031	52	5
3032	40	5
3033	28	5
3034	20	5
3035	10	5
3036	29	5
3037	130	6
3038	8	6
3039	45	6
3040	40	5
3041	57	5
3042	8	5
3043	34	5
3044	15	5
3045	64	5
3046	9	5
3047	7	5
3048	11	5
3049	15	5
3050	13	5
3051	13	5
3052	11	5
3053	14	5
3054	41	5
3055	67	5
3056	27	5
3057	10	5
3058	14	5
3059	9	5
3060	24	5
3061	9	5
3062	21	5
3063	9	5
3064	42	5
3065	7	5
3066	9	5
3067	88	5
3068	18	5
3069	16	5
3070	12	5
3071	10	5
3072	8	5
3073	27	5
3074	101	5
3075	31	5
3076	19	5
3077	8	5
3078	8	5
3079	64	5
3080	73	5
3081	9	5
3082	38	5
3083	9	5
3084	8	5
3085	78	5
3086	41	5
3087	29	5
3088	8	5
3089	29	5
3090	33	5
3091	7	5
3092	97	5
3093	8	5
3094	8	5
3095	226	6
3096	16	6
3097	78	5
3098	95	5
3099	9	5
3100	28	5
3101	12	5
3102	45	6
3103	79	6
3104	10	6
3105	32	6
3106	48	6
3107	8	7
3108	66	5
3109	25	5
3110	23	5
3111	71	5
3112	10	5
3113	14	5
3114	9	5
3115	69	6
3116	41	5
3117	29	5
3118	46	5
3119	73	5
3120	9	5
3121	18	5
3122	9	6
3123	34	5
3124	8	5
3125	42	5
3126	70	5
3127	9	5
3128	20	5
3129	10	5
3130	11	5
3131	47	5
3132	13	5
3133	32	6
3134	11	6
3135	51	5
3136	9	5
3137	107	6
3138	11	6
3139	14	6
3140	34	6
3141	43	6
3142	60	5
3143	62	5
3144	49	5
3145	46	5
3146	9	5
3147	11	5
3148	10	5
3149	15	5
3150	29	5
3151	8	5
3152	105	5
3153	62	5
3154	89	5
3155	8	5
3156	10	5
3157	7	5
3158	32	5
3159	15	5
3160	9	5
3161	7	5
3162	25	5
3163	10	5
3164	19	5
3165	36	5
3166	7	5
3167	7	5
3168	29	5
3169	86	5
3170	10	5
3171	23	5
3172	51	5
3173	7	5
3174	12	5
3175	130	5
3176	26	5
3177	23	5
3178	21	6
3179	31	6
3180	73	5
3181	7	5
3182	11	5
3183	8	5
3184	10	5
3185	8	5
3186	48	5
3187	128	5
3188	17	5
3189	144	5
3190	47	5
3191	7	5
3192	10	5
3193	21	5
3194	35	6
3195	82	5
3196	8	5
3197	12	5
3198	9	5
3199	29	5
3200	11	6
3201	37	5
3202	19	5
3203	45	5
3204	36	5
3205	66	5
3206	34	5
3207	42	5
3208	31	5
3209	61	5
3210	22	5
3211	20	5
3212	13	5
3213	17	5
3214	11	5
3215	11	6
3216	110	5
3217	39	5
3218	39	5
3219	12	5
3220	38	5
3221	9	5
3222	9	5
3223	12	5
3224	14	5
3225	8	6
3226	46	5
3227	50	5
3228	8	5
3229	89	5
3230	63	5
3231	52	5
3232	15	5
3233	9	6
3234	85	5
3235	46	5
3236	49	5
3237	29	5
3238	45	6
3239	44	5
3240	31	5
3241	66	5
3242	17	5
3243	36	6
3244	55	5
3245	25	5
3246	7	5
3247	20	5
3248	9	5
3249	56	5
3250	9	5
3251	8	5
3252	7	5
3253	8	5
3254	8	6
3255	10	6
3256	52	6
3257	23	6
3258	19	6
3259	12	6
3260	7	6
3261	11	6
3262	45	6
3263	91	6
3264	39	6
3265	76	5
3266	8	5
3267	13	5
3268	10	5
3269	7	5
3270	11	5
3271	8	5
3272	96	5
3273	105	5
3274	31	5
3275	13	5
3276	128	5
3277	10	5
3278	23	5
3279	99	5
3280	12	5
3281	56	5
3282	13	5
3283	49	5
3284	12	5
3285	15	5
3286	9	5
3287	18	5
3288	10	5
3289	23	5
3290	19	5
3291	9	5
3292	11	5
3293	48	6
3294	19	6
3295	43	6
3296	13	7
3297	43	6
3298	39	6
3299	44	6
3300	52	5
3301	7	5
3302	7	5
3303	40	5
3304	17	5
3305	68	5
3306	43	5
3307	56	5
3308	14	5
3309	7	5
3310	43	5
3311	10	5
3312	17	5
3313	56	5
3314	8	5
3315	7	5
3316	38	5
3317	8	5
3318	57	5
3319	30	5
3320	43	5
3321	7	5
3322	45	5
3323	48	5
3324	23	5
3325	9	5
3326	161	5
3327	40	5
3328	27	5
3329	9	5
3330	66	5
3331	23	6
3332	13	6
3333	54	5
3334	8	5
3335	34	6
3336	30	6
3337	43	5
3338	32	5
3339	11	5
3340	83	5
3341	7	5
3342	32	5
3343	48	5
3344	28	5
3345	9	5
3346	16	5
3347	9	6
3348	50	5
3349	60	5
3350	31	6
3351	31	5
3352	38	5
3353	79	5
3354	10	5
3355	8	5
3356	34	5
3357	28	5
3358	36	5
3359	52	5
3360	22	5
3361	96	6
3362	49	5
3363	59	5
3364	31	5
3365	84	5
3366	11	5
3367	8	5
3368	97	5
3369	45	6
3370	25	5
3371	15	5
3372	17	5
3373	46	5
3374	28	5
3375	32	5
3376	10	5
3377	9	5
3378	10	6
3379	48	5
3380	47	5
3381	42	5
3382	43	5
3383	11	6
3384	39	5
3385	18	5
3386	12	5
3387	42	5
3388	31	5
3389	45	5
3390	32	6
3391	41	5
3392	23	6
3393	9	6
3394	73	5
3395	7	5
3396	20	5
3397	7	5
3398	12	5
3399	20	5
3400	50	5
3401	61	5
3402	9	5
3403	9	5
3404	24	5
3405	7	5
3406	36	5
3407	11	5
3408	15	5
3409	10	5
3410	11	5
3411	85	5
3412	37	5
3413	8	5
3414	148	5
3415	46	5
3416	8	5
3417	43	5
3418	41	5
3419	30	5
3420	8	5
3421	17	5
3422	80	5
3423	8	5
3424	20	5
3425	60	5
3426	10	5
3427	12	5
3428	13	5
3429	92	5
3430	130	5
3431	34	6
3432	10	6
3433	38	7
3434	42	5
3435	45	5
3436	7	5
3437	45	5
3438	15	5
3439	30	5
3440	13	5
3441	26	5
3442	13	5
3443	20	5
3444	32	5
3445	52	5
3446	12	5
3447	8	5
3448	47	5
3449	23	5
3450	17	5
3451	10	5
3452	41	5
3453	12	5
3454	9	5
3455	11	5
3456	8	6
3457	10	6
3458	43	6
3459	52	5
3460	7	5
3461	50	5
3462	7	5
3463	46	5
3464	12	5
3465	10	5
3466	15	5
3467	10	5
3468	9	6
3469	7	6
3470	13	6
3471	61	5
3472	37	5
3473	11	5
3474	8	5
3475	8	5
3476	14	5
3477	11	5
3478	56	5
3479	8	5
3480	32	5
3481	14	5
3482	91	5
3483	44	6
3484	68	6
3485	14	6
3486	39	6
3487	16	6
3488	20	6
3489	11	6
3490	75	6
3491	9	6
3492	10	6
3493	8	6
3494	13	6
3495	37	6
3496	57	6
3497	8	6
3498	16	6
3499	34	6
3500	13	6
3501	12	6
3502	12	6
3503	13	6
3504	29	6
3505	28	6
3506	7	6
3507	54	6
3508	12	6
3509	53	6
3510	7	6
3511	10	6
3512	49	6
3513	26	6
3514	13	6
3515	12	6
3516	9	6
3517	11	6
3518	25	6
3519	24	6
3520	73	7
3521	40	6
3522	11	6
3523	55	6
3524	12	7
3525	72	6
3526	73	6
3527	7	6
3528	124	6
3529	10	6
3530	13	7
3531	43	6
3532	28	6
3533	7	6
3534	86	6
3535	13	6
3536	31	6
3537	80	6
3538	8	6
3539	9	6
3540	15	6
3541	10	6
3542	45	6
3543	23	6
3544	46	6
3545	24	6
3546	26	6
3547	7	6
3548	123	6
3549	52	6
3550	35	6
3551	10	6
3552	10	6
3553	10	6
3554	11	6
3555	15	6
3556	60	6
3557	27	6
3558	18	6
3559	16	6
3560	65	6
3561	8	6
3562	25	6
3563	24	6
3564	9	6
3565	14	6
3566	22	6
3567	12	6
3568	85	6
3569	10	6
3570	70	6
3571	135	6
3572	52	6
3573	25	6
3574	35	6
3575	42	6
3576	18	6
3577	33	6
3578	7	6
3579	8	6
3580	100	6
3581	93	6
3582	8	6
3583	9	6
3584	65	6
3585	20	6
3586	21	6
3587	139	6
3588	15	6
3589	13	6
3590	21	6
3591	50	6
3592	8	7
3593	69	6
3594	58	6
3595	51	6
3596	109	5
3597	49	5
3598	58	5
3599	23	5
3600	54	5
3601	35	5
3602	11	5
3603	15	5
3604	11	6
3605	69	5
3606	8	5
3607	68	5
3608	9	5
3609	136	5
3610	8	5
3611	40	5
3612	49	5
3613	12	5
3614	9	5
3615	51	5
3616	22	5
3617	45	5
3618	73	5
3619	44	5
3620	63	5
3621	7	5
3622	28	5
3623	21	5
3624	13	5
3625	94	5
3626	29	6
3627	10	6
3628	24	6
3629	17	6
3630	7	6
3631	22	6
3632	25	6
3633	9	6
3634	11	6
3635	26	6
3636	82	6
3637	40	6
3638	78	6
3639	53	5
3640	7	5
3641	19	5
3642	8	5
3643	20	5
3644	14	6
3645	69	5
3646	23	5
3647	9	5
3648	19	5
3649	29	5
3650	12	5
3651	7	5
3652	123	5
3653	58	5
3654	8	5
3655	47	5
3656	7	5
3657	10	5
3658	9	5
3659	7	5
3660	64	5
3661	16	5
3662	14	5
3663	15	5
3664	9	5
3665	10	5
3666	28	5
3667	13	5
3668	48	5
3669	9	6
3670	17	6
3671	77	5
3672	11	5
3673	14	6
3674	12	6
3675	52	5
3676	105	5
3677	8	7
3678	18	8
3679	14	8
3680	19	8
3681	11	8
3682	16	8
3683	9	8
3684	12	8
3685	113	8
3686	75	5
3687	14	6
3688	44	5
3689	8	5
3690	13	7
3691	16	7
3692	8	7
3693	45	7
3694	65	5
3695	13	6
3696	108	5
3697	7	5
3698	9	5
3699	45	5
3700	11	5
3701	8	6
3702	32	5
3703	67	5
3704	23	5
3705	16	6
3706	9	6
3707	73	5
3708	8	5
3709	10	5
3710	16	5
3711	28	5
3712	13	5
3713	44	5
3714	23	5
3715	7	5
3716	34	5
3717	12	5
3718	12	5
3719	10	5
3720	26	5
3721	33	5
3722	10	5
3723	89	5
3724	11	5
3725	41	6
3726	42	5
3727	28	5
3728	50	5
3729	63	5
3730	9	5
3731	17	5
3732	85	5
3733	9	5
3734	13	5
3735	37	5
3736	7	5
3737	124	5
3738	32	5
3739	26	5
3740	57	5
3741	75	5
3742	8	5
3743	35	5
3744	10	5
3745	20	5
3746	59	5
3747	11	5
3748	9	5
3749	165	5
3750	83	5
3751	13	5
3752	29	5
3753	73	5
3754	9	6
3755	38	5
3756	78	5
3757	55	5
3758	11	5
3759	103	5
3760	9	5
3761	30	5
3762	38	5
3763	27	5
3764	19	5
3765	13	5
3766	9	5
3767	18	5
3768	9	5
3769	27	5
3770	103	5
3771	10	6
3772	37	5
3773	17	5
3774	29	5
3775	12	5
3776	14	5
3777	11	5
3778	44	6
3779	9	6
3780	15	6
3781	18	6
3782	46	6
3783	80	6
3784	26	6
3785	53	5
3786	94	5
3787	64	5
3788	7	5
3789	10	5
3790	9	5
3791	9	5
3792	39	5
3793	8	5
3794	43	5
3795	39	5
3796	37	5
3797	10	6
3798	39	5
3799	13	5
3800	43	5
3801	12	5
3802	33	5
3803	34	5
3804	10	5
3805	11	5
3806	9	5
3807	10	5
3808	10	5
3809	11	5
3810	32	5
3811	16	5
3812	79	6
3813	35	5
3814	7	5
3815	7	5
3816	8	5
3817	11	5
3818	10	5
3819	8	5
3820	23	5
3821	50	5
3822	7	5
3823	18	5
3824	9	5
3825	39	5
3826	21	5
3827	14	5
3828	8	5
3829	30	5
3830	118	5
3831	44	5
3832	8	5
3833	7	5
3834	10	5
3835	9	5
3836	11	5
3837	10	5
3838	74	5
3839	8	5
3840	19	5
3841	18	5
3842	27	6
3843	70	5
3844	43	5
3845	91	5
3846	9	5
3847	9	5
3848	15	6
3849	63	5
3850	11	5
3851	28	6
3852	71	5
3853	41	5
3854	19	5
3855	20	5
3856	16	5
3857	7	5
3858	67	6
3859	15	6
3860	10	6
3861	32	6
3862	11	6
3863	29	6
3864	12	6
3865	7	6
3866	9	6
3867	7	6
3868	10	6
3869	13	6
3870	27	6
3871	86	6
3872	48	7
3873	12	7
3874	209	5
3875	34	5
3876	39	5
3877	11	5
3878	50	5
3879	9	5
3880	9	5
3881	70	5
3882	8	5
3883	158	5
3884	14	5
3885	8	5
3886	7	5
3887	8	5
3888	12	5
3889	58	5
3890	38	5
3891	11	5
3892	13	5
3893	8	5
3894	58	5
3895	46	5
3896	13	5
3897	30	5
3898	85	5
3899	13	5
3900	42	5
3901	84	5
3902	9	6
3903	10	6
3904	7	6
3905	19	6
3906	10	7
3907	160	5
3908	12	5
3909	9	5
3910	25	5
3911	8	5
3912	15	6
3913	63	5
3914	7	5
3915	11	5
3916	12	5
3917	19	5
3918	42	5
3919	11	5
3920	60	5
3921	7	5
3922	8	5
3923	33	5
3924	8	5
3925	7	5
3926	12	5
3927	31	5
3928	29	5
3929	11	5
3930	25	5
3931	13	5
3932	8	5
3933	19	5
3934	24	5
3935	36	5
3936	10	5
3937	13	5
3938	7	5
3939	55	5
3940	8	5
3941	17	5
3942	33	5
3943	30	5
3944	16	5
3945	45	5
3946	61	5
3947	46	5
3948	12	5
3949	100	5
3950	12	5
3951	53	5
3952	7	5
3953	40	5
3954	16	5
3955	18	5
3956	7	5
3957	23	5
3958	11	6
3959	7	6
3960	28	6
3961	57	7
3962	35	6
3963	12	6
3964	35	6
3965	9	6
3966	16	6
3967	35	6
3968	68	6
3969	77	5
3970	14	5
3971	12	5
3972	8	5
3973	38	5
3974	50	5
3975	8	5
3976	21	5
3977	25	5
3978	41	5
3979	70	5
3980	9	6
3981	33	5
3982	83	5
3983	11	5
3984	7	5
3985	9	5
3986	115	6
3987	45	5
3988	46	5
3989	10	5
3990	11	5
3991	10	5
3992	8	5
3993	46	6
3994	47	5
3995	72	5
3996	8	5
3997	71	5
3998	10	5
3999	48	5
4000	52	5
4001	8	5
4002	7	5
4003	41	5
4004	98	5
4005	22	6
4006	16	6
4007	39	6
4008	25	6
4009	8	6
4010	7	6
4011	8	6
4012	12	6
4013	42	6
4014	62	6
4015	9	6
4016	102	6
4017	262	5
4018	29	5
4019	7	6
4020	46	5
4021	11	5
4022	8	5
4023	47	6
4024	96	5
4025	10	5
4026	20	5
4027	10	5
4028	7	5
4029	41	5
4030	10	5
4031	8	6
4032	8	6
4033	17	6
4034	46	6
4035	25	6
4036	72	5
4037	53	5
4038	38	5
4039	11	5
4040	26	6
4041	38	5
4042	37	5
4043	16	5
4044	74	6
4045	90	5
4046	30	5
4047	87	5
4048	9	5
4049	30	5
4050	11	5
4051	9	5
4052	23	5
4053	28	5
4054	8	5
4055	20	5
4056	85	5
4057	32	5
4058	9	5
4059	20	5
4060	11	5
4061	23	5
4062	23	5
4063	15	5
4064	32	5
4065	30	5
4066	53	5
4067	50	5
4068	94	6
4069	22	6
4070	52	6
4071	44	5
4072	29	6
4073	43	5
4074	10	5
4075	20	5
4076	20	5
4077	11	5
4078	16	5
4079	17	5
4080	41	5
4081	22	5
4082	14	5
4083	22	5
4084	13	5
4085	111	5
4086	17	5
4087	11	6
4088	147	5
4089	7	5
4090	71	6
4091	8	6
4092	61	6
4093	10	6
4094	10	6
4095	85	5
4096	25	6
4097	8	6
4098	10	6
4099	49	6
4100	15	6
4101	7	6
4102	11	6
4103	7	6
4104	58	7
4105	15	7
4106	44	6
4107	9	6
4108	9	6
4109	12	6
4110	7	6
4111	10	6
4112	9	6
4113	7	6
4114	7	6
4115	7	6
4116	20	6
4117	61	6
4118	70	6
4119	14	6
4120	18	7
4121	87	6
4122	7	6
4123	24	6
4124	52	6
4125	45	6
4126	71	6
4127	13	6
4128	47	6
4129	48	6
4130	42	6
4131	29	6
4132	61	6
4133	25	6
4134	16	6
4135	7	6
4136	16	6
4137	11	7
4138	8	7
4139	13	7
4140	118	6
4141	11	6
4142	10	6
4143	141	6
4144	40	6
4145	30	6
4146	10	6
4147	12	6
4148	56	7
4149	37	6
4150	26	6
4151	13	7
4152	8	7
4153	171	5
4154	77	5
4155	45	5
4156	15	5
4157	53	5
4158	12	5
4159	7	5
4160	10	5
4161	14	5
4162	17	5
4163	53	5
4164	10	5
4165	11	5
4166	7	5
4167	24	5
4168	53	5
4169	20	5
4170	23	5
4171	31	5
4172	39	5
4173	43	5
4174	72	5
4175	155	5
4176	8	5
4177	13	5
4178	7	5
4179	29	5
4180	25	5
4181	13	5
4182	11	5
4183	10	5
4184	7	5
4185	14	5
4186	96	5
4187	15	5
4188	119	5
4189	99	5
4190	36	5
4191	8	5
4192	42	5
4193	8	5
4194	8	5
4195	8	6
4196	20	6
4197	9	6
4198	67	6
4199	16	6
4200	11	6
4201	35	6
4202	45	6
4203	26	6
4204	12	6
4205	17	6
4206	15	6
4207	87	5
4208	9	5
4209	84	5
4210	8	5
4211	39	5
4212	10	5
4213	40	6
4214	31	5
4215	9	5
4216	7	5
4217	12	5
4218	49	5
4219	9	5
4220	9	5
4221	66	5
4222	13	5
4223	10	5
4224	18	5
4225	13	6
4226	19	6
4227	8	6
4228	8	6
4229	158	5
4230	13	5
4231	57	5
4232	8	5
4233	29	6
4234	8	7
4235	109	6
4236	9	6
4237	19	6
4238	129	5
4239	28	5
4240	28	5
4241	10	5
4242	22	6
4243	15	6
4244	22	6
4245	7	7
4246	40	6
4247	40	6
4248	11	6
4249	26	6
4250	9	6
4251	51	6
4252	51	6
4253	10	6
4254	55	6
4255	82	6
4256	41	5
4257	32	6
4258	9	6
4259	87	6
4260	8	7
4261	28	6
4262	56	5
4263	36	5
4264	8	5
4265	47	5
4266	7	5
4267	50	5
4268	11	5
4269	92	5
4270	9	5
4271	20	5
4272	7	5
4273	31	6
4274	14	6
4275	22	6
4276	44	6
4277	18	6
4278	9	6
4279	32	7
4280	11	7
4281	16	7
4282	33	7
4283	54	7
4284	50	6
4285	75	5
4286	39	6
4287	95	5
4288	41	5
4289	18	5
4290	34	5
4291	12	6
4292	38	5
4293	8	5
4294	71	5
4295	60	5
4296	25	5
4297	10	5
4298	10	5
4299	8	5
4300	7	5
4301	48	5
4302	8	5
4303	9	5
4304	19	6
4305	31	5
4306	154	5
4307	38	5
4308	102	5
4309	17	5
4310	8	5
4311	7	5
4312	7	5
4313	19	5
4314	9	5
4315	21	5
4316	20	5
4317	18	5
4318	11	6
4319	76	6
4320	131	5
4321	50	5
4322	9	6
4323	8	6
4324	15	8
4325	20	8
4326	124	5
4327	14	5
4328	7	5
4329	7	5
4330	96	5
4331	23	5
4332	10	5
4333	7	5
4334	27	6
4335	8	6
4336	18	6
4337	40	6
4338	8	7
4339	7	7
4340	10	7
4341	51	7
4342	8	7
4343	32	7
4344	65	6
4345	106	6
4346	77	5
4347	33	5
4348	11	5
4349	53	5
4350	8	6
4351	14	6
4352	23	6
4353	14	7
4354	8	7
4355	36	7
4356	52	7
4357	42	6
4358	8	6
4359	54	5
4360	12	5
4361	12	5
4362	32	5
4363	106	5
4364	10	6
4365	118	5
4366	35	5
4367	74	5
4368	44	5
4369	10	5
4370	98	5
4371	10	5
4372	43	5
4373	8	5
4374	8	5
4375	70	5
4376	14	5
4377	68	5
4378	66	5
4379	53	6
4380	14	6
4381	48	6
4382	41	7
4383	11	7
4384	15	8
4385	10	8
4386	18	8
4387	23	8
4388	14	8
4389	8	9
4390	111	5
4391	68	5
4392	8	5
4393	31	6
4394	8	6
4395	18	6
4396	38	6
4397	37	6
4398	23	6
4399	57	6
4400	7	6
4401	9	6
4402	17	6
4403	21	6
4404	21	6
4405	16	6
4406	10	6
4407	33	7
4408	55	6
4409	11	6
4410	21	7
4411	69	6
4412	56	6
4413	51	6
4414	7	6
4415	73	6
4416	12	6
4417	108	6
4418	30	6
4419	62	6
4420	22	6
4421	19	6
4422	124	5
4423	55	5
4424	19	6
4425	35	5
4426	22	5
4427	42	5
4428	14	5
4429	45	5
4430	13	5
4431	22	6
4432	15	6
4433	24	6
4434	30	6
4435	13	7
4436	17	7
4437	21	7
4438	12	7
4439	22	7
4440	77	7
4441	41	6
4442	33	6
4443	15	6
4444	10	6
4445	29	6
4446	105	5
4447	34	5
4448	45	7
4449	50	5
4450	32	5
4451	10	5
4452	8	5
4453	40	5
4454	35	5
4455	47	5
4456	38	5
4457	34	5
4458	10	5
4459	21	6
4460	9	6
4461	27	6
4462	12	6
4463	62	6
4464	24	6
4465	51	5
4466	10	5
4467	24	6
4468	14	6
4469	10	6
4470	25	6
4471	30	6
4472	17	6
4473	50	6
4474	9	6
4475	10	6
4476	10	7
4477	32	7
4478	13	7
4479	30	7
4480	37	6
4481	25	6
4482	23	6
4483	54	6
4484	9	7
4485	64	6
4486	10	6
4487	23	6
4488	32	6
4489	29	6
4490	54	6
4491	8	6
4492	52	6
4493	72	6
4494	8	6
4495	9	7
4496	11	7
4497	10	7
4498	16	7
4499	75	7
4500	19	7
4501	8	7
4502	7	7
4503	24	7
4504	36	7
4505	29	8
4506	24	7
4507	63	7
4508	37	7
4509	30	7
4510	8	7
4511	43	7
4512	65	6
4513	30	6
4514	8	6
4515	8	6
4516	26	6
4517	53	6
4518	13	6
4519	11	6
4520	27	7
4521	21	7
4522	14	7
4523	8	7
4524	50	7
4525	86	6
4526	54	6
4527	44	6
4528	50	6
4529	12	6
4530	34	6
4531	48	7
4532	10	7
4533	8	7
4534	7	8
4535	36	7
4536	45	7
4537	35	8
4538	16	8
4539	27	8
4540	19	9
4541	28	7
4542	32	7
4543	27	8
4544	148	5
4545	31	5
4546	17	5
4547	72	5
4548	9	5
4549	7	5
4550	119	5
4551	22	5
4552	7	5
4553	8	5
4554	44	5
4555	42	5
4556	9	5
4557	14	5
4558	17	6
4559	43	5
4560	19	5
4561	7	5
4562	28	5
4563	8	5
4564	44	5
4565	15	5
4566	45	5
4567	10	5
4568	13	5
4569	21	5
4570	7	6
4571	25	6
4572	10	6
4573	12	6
4574	8	6
4575	13	6
4576	11	7
4577	37	6
4578	13	6
4579	66	7
4580	9	7
4581	9	7
4582	55	7
4583	8	7
4584	61	6
4585	10	7
4586	62	6
4587	127	6
4588	26	6
4589	18	7
4590	8	8
4591	26	7
4592	10	7
4593	48	8
4594	29	7
4595	79	5
4596	13	5
4597	10	5
4598	14	6
4599	21	6
4600	16	6
4601	49	6
4602	7	6
4603	35	6
4604	27	6
4605	12	6
4606	75	6
4607	13	6
4608	10	6
4609	16	6
4610	10	6
4611	83	6
4612	13	6
4613	64	6
4614	12	6
4615	138	5
4616	80	5
4617	22	6
4618	47	5
4619	54	5
4620	45	5
4621	7	5
4622	22	5
4623	11	5
4624	92	5
4625	15	5
4626	26	6
4627	48	5
4628	27	5
4629	15	5
4630	27	5
4631	67	5
4632	18	5
4633	11	5
4634	12	5
4635	7	5
4636	8	5
4637	28	5
4638	8	5
4639	9	5
4640	10	5
4641	7	6
4642	10	6
4643	13	6
4644	30	6
4645	16	6
4646	120	5
4647	9	5
4648	11	5
4649	57	5
4650	37	5
4651	8	5
4652	19	5
4653	58	5
4654	10	5
4655	8	5
4656	60	5
4657	114	5
4658	68	5
4659	10	5
4660	32	5
4661	37	5
4662	9	5
4663	52	5
4664	10	5
4665	10	5
4666	61	5
4667	74	5
4668	31	5
4669	9	5
4670	11	5
4671	86	5
4672	18	5
4673	23	5
4674	28	5
4675	34	5
4676	21	5
4677	16	5
4678	11	5
4679	9	5
4680	34	6
4681	58	5
4682	124	5
4683	96	5
4684	29	5
4685	10	5
4686	30	5
4687	50	5
4688	23	6
4689	125	5
4690	38	5
4691	10	6
4692	34	5
4693	9	5
4694	10	5
4695	13	5
4696	27	5
4697	141	5
4698	43	5
4699	16	5
4700	53	5
4701	22	6
4702	21	6
4703	49	5
4704	23	6
4705	7	6
4706	101	6
4707	7	6
4708	15	6
4709	30	6
4710	9	6
4711	55	6
4712	37	6
4713	145	5
4714	12	6
4715	14	6
4716	57	5
4717	9	5
4718	12	6
4719	50	5
4720	31	5
4721	9	5
4722	40	6
4723	25	8
4724	26	5
4725	13	5
4726	39	5
4727	80	5
4728	8	5
4729	16	5
4730	9	5
4731	17	5
4732	7	5
4733	50	5
4734	56	5
4735	11	5
4736	54	5
4737	62	5
4738	12	5
4739	13	5
4740	39	6
4741	38	6
4742	8	6
4743	8	6
4744	26	6
4745	61	6
4746	50	6
4747	12	6
4748	12	6
4749	21	6
4750	40	6
4751	9	6
4752	13	6
4753	13	6
4754	57	7
4755	92	7
4756	88	5
4757	8	5
4758	13	5
4759	14	5
4760	9	5
4761	37	5
4762	10	5
4763	21	5
4764	44	5
4765	50	5
4766	68	5
4767	70	5
4768	33	5
4769	33	6
4770	18	6
4771	12	6
4772	10	6
4773	22	6
4774	46	6
4775	28	6
4776	18	6
4777	15	7
4778	114	6
4779	8	6
4780	39	6
4781	12	6
4782	94	6
4783	111	5
4784	15	5
4785	8	5
4786	8	5
4787	10	6
4788	24	6
4789	33	6
4790	74	5
4791	52	5
4792	28	5
4793	8	5
4794	12	5
4795	85	5
4796	55	5
4797	40	6
4798	81	5
4799	20	5
4800	39	5
4801	7	5
4802	7	5
4803	7	5
4804	103	5
4805	14	5
4806	34	5
4807	28	5
4808	26	5
4809	10	5
4810	7	5
4811	60	5
4812	9	5
4813	8	5
4814	68	5
4815	23	5
4816	13	5
4817	48	6
4818	33	6
4819	9	6
4820	67	5
4821	10	5
4822	51	7
4823	62	5
4824	23	5
4825	26	5
4826	9	5
4827	11	5
4828	15	5
4829	22	5
4830	8	6
4831	16	6
4832	7	6
4833	50	6
4834	49	7
4835	15	7
4836	35	7
4837	18	7
4838	12	7
4839	38	7
4840	56	7
4841	32	7
4842	23	8
4843	64	6
4844	9	6
4845	15	6
4846	148	5
4847	36	5
4848	7	5
4849	23	5
4850	7	5
4851	33	5
4852	10	5
4853	17	5
4854	61	5
4855	40	5
4856	47	5
4857	9	6
4858	17	6
4859	26	6
4860	63	5
4861	23	5
4862	19	5
4863	9	5
4864	46	5
4865	7	5
4866	14	5
4867	26	5
4868	45	5
4869	10	5
4870	64	5
4871	28	5
4872	14	5
4873	7	5
4874	37	6
4875	8	6
4876	9	6
4877	13	7
4878	23	8
4879	35	7
4880	11	7
4881	20	7
4882	81	6
4883	10	6
4884	18	6
4885	8	6
4886	12	6
4887	68	6
4888	42	7
4889	27	7
4890	80	6
4891	21	6
4892	10	6
4893	17	6
4894	12	7
4895	28	6
4896	52	6
4897	12	6
4898	8	6
4899	8	6
4900	11	6
4901	10	6
4902	16	7
4903	47	6
4904	66	6
4905	27	6
4906	25	7
4907	11	7
4908	19	7
4909	12	7
4910	31	7
4911	51	8
4912	13	8
4913	7	8
4914	72	7
4915	67	7
4916	36	6
4917	27	6
4918	18	6
4919	22	6
4920	16	6
4921	9	6
4922	37	6
4923	57	6
4924	38	6
4925	10	6
4926	61	6
4927	42	6
4928	34	6
4929	15	6
4930	105	6
4931	36	6
4932	88	5
4933	11	6
4934	28	6
4935	81	6
4936	97	5
4937	25	5
4938	53	5
4939	9	5
4940	11	5
4941	7	5
4942	22	5
4943	116	5
4944	67	5
4945	8	5
4946	16	6
4947	13	6
4948	9	6
4949	30	6
4950	7	7
4951	10	7
4952	14	7
4953	13	7
4954	48	7
4955	95	6
4956	19	6
4957	9	6
4958	12	6
4959	103	5
4960	31	5
4961	32	5
4962	42	5
4963	60	6
4964	52	5
4965	35	5
4966	45	5
4967	25	5
4968	7	6
4969	10	7
4970	38	6
4971	43	6
4972	38	5
4973	89	5
4974	12	5
4975	11	5
4976	13	5
4977	87	5
4978	17	5
4979	238	5
4980	9	5
4981	10	6
4982	15	6
4983	32	6
4984	64	5
4985	104	5
4986	90	5
4987	59	6
4988	10	6
4989	21	6
4990	15	6
4991	32	6
4992	133	5
4993	158	5
4994	7	5
4995	88	5
4996	9	5
4997	60	5
4998	19	5
4999	12	5
5000	24	5
5001	11	5
5002	34	5
5003	56	5
5004	8	5
5005	11	5
5006	7	5
5007	14	5
5008	16	5
5009	40	5
5010	46	5
5011	9	5
5012	18	5
5013	14	5
5014	35	5
5015	15	5
5016	14	5
5017	87	5
5018	11	5
5019	11	5
5020	56	5
5021	10	5
5022	89	5
5023	22	5
5024	24	5
5025	33	5
5026	22	5
5027	38	5
5028	51	5
5029	7	5
5030	12	5
5031	10	5
5032	8	5
5033	21	5
5034	24	5
5035	33	5
5036	11	6
5037	136	5
5038	13	5
5039	10	5
5040	53	5
5041	43	5
5042	9	5
5043	22	5
5044	47	5
5045	17	5
5046	14	6
5047	45	5
5048	107	5
5049	9	5
5050	68	5
5051	39	5
5052	38	5
5053	34	5
5054	12	5
5055	12	6
5056	74	5
5057	14	5
5058	11	6
5059	31	6
5060	7	6
5061	14	6
5062	56	6
5063	13	6
5064	97	5
5065	225	5
5066	22	5
5067	9	6
5068	70	5
5069	10	5
5070	12	5
5071	8	5
5072	11	5
5073	30	5
5074	7	5
5075	163	5
5076	24	5
5077	105	5
5078	30	5
5079	84	5
5080	7	6
5081	83	6
5082	38	5
5083	11	5
5084	34	5
5085	17	5
5086	18	5
5087	48	5
5088	42	5
5089	12	5
5090	54	5
5091	21	5
5092	30	6
5093	11	6
5094	75	5
5095	40	5
5096	12	5
5097	52	6
5098	90	5
5099	19	6
5100	11	6
5101	13	6
5102	51	6
5103	44	6
5104	24	6
5105	19	6
5106	11	7
5107	56	6
5108	57	6
5109	10	6
5110	10	6
5111	83	6
5112	12	6
5113	18	6
5114	21	6
5115	38	6
5116	11	6
5117	23	7
5118	35	6
5119	53	6
5120	25	6
5121	9	6
5122	12	6
5123	7	6
5124	10	6
5125	14	6
5126	55	6
5127	10	6
5128	10	6
5129	9	6
5130	119	6
5131	8	6
5132	9	7
5133	7	7
5134	94	6
5135	8	6
5136	67	6
5137	18	6
5138	7	7
5139	32	6
5140	12	6
5141	10	7
5142	31	6
5143	10	7
5144	7	8
5145	95	6
5146	11	6
5147	12	6
5148	27	6
5149	58	6
5150	16	6
5151	44	6
5152	20	6
5153	25	7
5154	11	7
5155	11	7
5156	10	7
5157	26	8
5158	13	8
5159	197	6
5160	8	6
5161	13	7
5162	58	6
5163	31	6
5164	194	5
5165	45	5
5166	65	5
5167	115	5
5168	9	6
5169	17	6
5170	169	5
5171	43	5
5172	8	5
5173	8	5
5174	12	5
5175	110	5
5176	9	5
5177	74	5
5178	14	5
5179	40	5
5180	36	5
5181	7	5
5182	14	5
5183	15	5
5184	25	5
5185	118	5
5186	29	5
5187	45	5
5188	94	5
5189	29	5
5190	48	5
5191	10	5
5192	41	5
5193	75	5
5194	27	5
5195	29	5
5196	122	5
5197	39	5
5198	11	5
5199	11	5
5200	7	5
5201	9	5
5202	26	5
5203	65	5
5204	53	5
5205	29	6
5206	53	5
5207	8	6
5208	8	6
5209	66	6
5210	65	5
5211	42	5
5212	24	5
5213	27	5
5214	8	5
5215	12	5
5216	9	5
5217	11	6
5218	15	6
5219	8	6
5220	9	6
5221	32	7
5222	7	7
5223	16	7
5224	88	6
5225	9	6
5226	22	7
5227	35	7
5228	13	7
5229	11	7
5230	15	8
5231	27	7
5232	94	6
5233	56	6
5234	12	6
5235	25	6
5236	9	6
5237	16	6
5238	12	6
5239	21	6
5240	65	6
5241	34	6
5242	16	6
5243	93	6
5244	21	7
5245	45	6
5246	36	6
5247	77	5
5248	64	5
5249	33	5
5250	15	5
5251	13	6
5252	87	5
5253	12	5
5254	8	5
5255	9	5
5256	20	5
5257	89	5
5258	8	5
5259	11	5
5260	41	5
5261	73	5
5262	82	5
5263	27	5
5264	11	5
5265	8	5
5266	7	5
5267	90	5
5268	13	5
5269	55	5
5270	7	6
5271	110	5
5272	70	5
5273	79	5
5274	57	5
5275	49	5
5276	8	5
5277	55	5
5278	49	5
5279	22	5
5280	27	5
5281	42	5
5282	36	5
5283	90	5
5284	96	5
5285	9	5
5286	10	5
5287	7	5
5288	7	5
5289	10	5
5290	36	5
5291	16	5
5292	13	5
5293	11	5
5294	7	5
5295	26	5
5296	11	5
5297	40	5
5298	24	6
5299	44	7
5300	64	5
5301	57	5
5302	49	5
5303	8	5
5304	14	5
5305	30	5
5306	25	5
5307	43	6
5308	45	5
5309	7	5
5310	7	6
5311	75	5
5312	10	5
5313	11	5
5314	21	6
5315	25	5
5316	13	5
5317	13	5
5318	44	5
5319	49	6
5320	90	6
5321	32	5
5322	7	5
5323	8	5
5324	9	5
5325	40	5
5326	11	5
5327	82	5
5328	37	5
5329	25	5
5330	13	5
5331	10	5
5332	9	5
5333	9	6
5334	107	5
5335	22	5
5336	28	5
5337	30	5
5338	11	5
5339	11	5
5340	8	6
5341	60	5
5342	59	5
5343	66	5
5344	52	5
5345	20	5
5346	83	5
5347	14	5
5348	7	5
5349	7	5
5350	16	5
5351	7	5
5352	10	5
5353	8	5
5354	69	5
5355	53	6
5356	8	6
5357	23	6
5358	14	6
5359	15	6
5360	8	6
5361	120	7
5362	11	7
5363	163	5
5364	31	5
5365	76	5
5366	22	5
5367	45	5
5368	13	5
5369	149	5
5370	35	5
5371	22	5
5372	45	5
5373	16	5
5374	54	5
5375	11	6
5376	9	6
5377	15	7
5378	9	8
5379	24	7
5380	17	7
5381	94	7
5382	106	5
5383	43	5
5384	10	5
5385	8	6
5386	13	6
5387	68	5
5388	7	5
5389	8	5
5390	10	6
5391	179	5
5392	14	5
5393	14	5
5394	54	5
5395	23	5
5396	10	5
5397	30	5
5398	25	5
5399	16	5
5400	8	5
5401	9	5
5402	9	5
5403	70	5
5404	45	5
5405	18	5
5406	65	5
5407	17	5
5408	55	5
5409	9	5
5410	28	5
5411	46	5
5412	74	5
5413	9	5
5414	55	5
5415	9	5
5416	45	5
5417	10	5
5418	8	5
5419	11	5
5420	15	5
5421	25	6
5422	26	6
5423	9	6
5424	18	6
5425	17	6
5426	52	6
5427	124	5
5428	9	5
5429	11	5
5430	7	5
5431	18	5
5432	52	5
5433	96	5
5434	17	5
5435	47	5
5436	40	5
5437	60	5
5438	18	6
5439	9	7
5440	82	6
5441	14	6
5442	47	6
5443	24	6
5444	15	6
5445	53	6
5446	31	6
5447	9	7
5448	7	7
5449	14	7
5450	8	7
5451	18	7
5452	11	7
5453	73	7
5454	13	7
5455	16	7
5456	54	7
5457	7	7
5458	10	8
5459	66	7
5460	88	6
5461	23	6
5462	51	5
5463	79	5
5464	36	5
5465	9	5
5466	10	6
5467	50	5
5468	7	5
5469	58	5
5470	51	6
5471	13	6
5472	8	6
5473	70	6
5474	15	7
5475	26	6
5476	41	6
5477	7	6
5478	9	6
5479	19	6
5480	77	6
5481	15	6
5482	22	6
5483	14	6
5484	14	6
5485	62	7
5486	11	7
5487	79	6
5488	10	7
5489	15	7
5490	11	7
5491	10	7
5492	16	7
5493	14	7
5494	26	7
5495	46	7
5496	51	7
5497	27	7
5498	141	5
5499	9	5
5500	27	5
5501	60	5
5502	12	5
5503	7	5
5504	28	5
5505	23	5
5506	12	5
5507	11	5
5508	10	5
5509	174	6
5510	15	6
5511	8	6
5512	41	6
5513	9	6
5514	13	6
5515	33	6
5516	29	6
5517	20	6
5518	11	6
5519	29	6
5520	58	6
5521	29	6
5522	10	6
5523	10	6
5524	12	6
5525	17	6
5526	78	6
5527	13	6
5528	8	6
5529	10	6
5530	63	6
5531	121	6
5532	45	6
5533	48	6
5534	14	6
5535	9	7
5536	11	7
5537	11	7
5538	41	7
5539	20	8
5540	188	5
5541	34	5
5542	8	5
5543	26	5
5544	7	5
5545	37	6
5546	102	5
5547	8	5
5548	7	5
5549	24	5
5550	120	5
5551	18	5
5552	11	5
5553	54	5
5554	13	5
5555	126	5
5556	9	5
5557	94	5
5558	91	5
5559	13	5
5560	45	5
5561	7	5
5562	9	5
5563	52	5
5564	66	5
5565	15	5
5566	12	5
5567	35	5
5568	27	5
5569	7	5
5570	11	5
5571	10	5
5572	9	6
5573	66	5
5574	56	5
5575	11	5
5576	34	5
5577	39	5
5578	7	5
5579	8	5
5580	50	5
5581	9	5
5582	21	5
5583	44	5
5584	23	5
5585	10	5
5586	24	5
5587	9	5
5588	28	5
5589	25	5
5590	24	5
5591	96	5
5592	9	5
5593	10	5
5594	44	5
5595	79	5
5596	23	5
5597	19	5
5598	8	5
5599	9	5
5600	144	6
5601	14	6
5602	29	6
5603	11	6
5604	13	6
5605	11	6
5606	50	6
5607	13	7
5608	25	6
5609	18	6
5610	36	6
5611	49	6
5612	9	6
5613	14	6
5614	10	6
5615	100	6
5616	21	6
5617	18	6
5618	71	6
5619	45	6
5620	11	6
5621	31	6
5622	166	5
5623	35	5
5624	10	5
5625	10	5
5626	42	5
5627	9	5
5628	8	5
5629	12	6
5630	11	6
5631	38	6
5632	69	5
5633	14	5
5634	11	5
5635	25	5
5636	11	5
5637	9	5
5638	33	5
5639	7	5
5640	15	5
5641	33	5
5642	12	5
5643	68	5
5644	12	5
5645	24	5
5646	19	5
5647	7	5
5648	7	5
5649	10	5
5650	10	5
5651	10	5
5652	42	5
5653	80	5
5654	41	5
5655	58	5
5656	11	5
5657	35	5
5658	18	5
5659	9	5
5660	8	6
5661	50	5
5662	10	5
5663	111	5
5664	10	6
5665	28	5
5666	69	5
5667	23	5
5668	31	5
5669	12	5
5670	56	5
5671	27	5
5672	9	5
5673	30	5
5674	33	5
5675	14	5
5676	32	5
5677	81	5
5678	24	5
5679	42	6
5680	52	5
5681	22	5
5682	21	6
5683	19	6
5684	72	5
5685	11	5
5686	8	5
5687	10	5
5688	79	5
5689	8	5
5690	124	5
5691	8	5
5692	7	6
5693	19	7
5694	39	5
5695	50	5
5696	8	5
5697	10	5
5698	26	5
5699	30	6
5700	42	5
5701	47	5
5702	8	5
5703	40	5
5704	143	5
5705	7	6
5706	11	6
5707	16	6
5708	26	6
5709	9	7
5710	12	7
5711	160	5
5712	11	5
5713	8	5
5714	12	5
5715	9	5
5716	45	5
5717	9	5
5718	13	5
5719	45	5
5720	13	5
5721	73	5
5722	71	6
5723	9	6
5724	11	6
5725	21	6
5726	11	6
5727	37	6
5728	15	6
5729	37	6
5730	9	6
5731	29	6
5732	95	6
5733	8	6
5734	11	6
5735	11	6
5736	107	6
5737	62	5
5738	17	5
5739	11	5
5740	14	5
5741	7	5
5742	13	5
5743	8	5
5744	9	5
5745	13	5
5746	10	5
5747	14	5
5748	9	5
5749	16	5
5750	9	5
5751	7	6
5752	42	5
5753	23	5
5754	48	5
5755	50	5
5756	96	5
5757	29	5
5758	9	5
5759	21	5
5760	12	5
5761	41	5
5762	10	5
5763	11	5
5764	10	5
5765	21	5
5766	12	5
5767	35	5
5768	12	6
5769	9	6
5770	10	6
5771	114	5
5772	11	5
5773	8	5
5774	107	5
5775	12	5
5776	8	5
5777	11	5
5778	13	5
5779	8	5
5780	45	5
5781	18	5
5782	11	5
5783	11	5
5784	10	5
5785	11	5
5786	12	5
5787	8	5
5788	10	5
5789	7	5
5790	24	5
5791	10	5
5792	8	5
5793	9	5
5794	13	5
5795	12	5
5796	7	6
5797	18	6
5798	37	6
5799	44	5
5800	12	5
5801	90	5
5802	9	5
5803	105	5
5804	31	6
5805	138	5
5806	15	5
5807	9	5
5808	9	6
5809	12	6
5810	63	5
5811	41	5
5812	30	5
5813	26	5
5814	86	5
5815	11	5
5816	29	5
5817	16	5
5818	34	5
5819	65	5
5820	24	5
5821	7	5
5822	38	5
5823	82	5
5824	12	5
5825	9	5
5826	32	5
5827	37	5
5828	43	5
5829	10	6
5830	56	6
5831	13	6
5832	81	5
5833	48	5
5834	29	5
5835	12	6
5836	7	6
5837	36	6
5838	15	6
5839	7	6
5840	68	6
5841	15	6
5842	97	5
5843	56	5
5844	12	5
5845	16	5
5846	37	5
5847	50	5
5848	24	5
5849	12	5
5850	64	5
5851	22	5
5852	10	5
5853	8	5
5854	14	5
5855	10	5
5856	14	5
5857	54	5
5858	73	5
5859	9	5
5860	10	5
5861	10	5
5862	70	5
5863	13	6
5864	72	5
5865	10	5
5866	8	5
5867	72	5
5868	14	5
5869	11	5
5870	17	5
5871	24	5
5872	48	5
5873	32	5
5874	32	5
5875	56	5
5876	7	5
5877	12	5
5878	38	5
5879	13	5
5880	73	6
5881	82	5
5882	19	5
5883	11	5
5884	16	5
5885	12	5
5886	13	5
5887	85	5
5888	21	5
5889	11	5
5890	93	5
5891	69	5
5892	41	5
5893	9	5
5894	15	5
5895	46	5
5896	8	5
5897	14	5
5898	81	5
5899	8	5
5900	8	5
5901	13	5
5902	22	5
5903	35	5
5904	62	5
5905	11	5
5906	10	5
5907	65	5
5908	8	5
5909	10	6
5910	38	5
5911	12	5
5912	47	5
5913	10	5
5914	60	5
5915	33	5
5916	32	5
5917	7	5
5918	183	5
5919	13	5
5920	13	5
5921	34	5
5922	15	5
5923	10	5
5924	19	5
5925	11	5
5926	8	6
5927	48	5
5928	37	5
5929	142	5
5930	10	5
5931	43	5
5932	72	6
5933	11	6
5934	12	6
5935	51	7
5936	12	7
5937	17	8
5938	16	8
5939	122	6
5940	56	5
5941	20	5
5942	8	5
5943	31	5
5944	10	5
5945	36	5
5946	26	5
5947	99	6
5948	69	5
5949	27	5
5950	132	5
5951	7	5
5952	22	5
5953	8	5
5954	28	5
5955	67	5
5956	61	5
5957	33	5
5958	50	5
5959	10	5
5960	31	5
5961	22	5
5962	40	5
5963	19	5
5964	30	5
5965	12	5
5966	10	5
5967	26	5
5968	120	5
5969	60	5
5970	12	5
5971	11	5
5972	69	5
5973	84	5
5974	27	5
5975	62	5
5976	7	5
5977	73	6
5978	10	7
5979	13	7
5980	29	7
5981	18	7
5982	105	5
5983	34	5
5984	12	5
5985	7	5
5986	14	5
5987	14	5
5988	13	5
5989	10	5
5990	67	5
5991	15	5
5992	11	5
5993	37	5
5994	42	6
5995	8	6
5996	18	6
5997	12	6
5998	78	6
5999	38	6
6000	69	5
6001	13	5
6002	34	5
6003	11	5
6004	25	5
6005	58	6
6006	7	6
6007	24	6
6008	26	6
6009	40	6
6010	40	6
6011	15	6
6012	154	5
6013	8	5
6014	13	5
6015	15	5
6016	36	5
6017	38	5
6018	62	5
6019	26	5
6020	105	5
6021	11	5
6022	25	5
6023	16	5
6024	18	5
6025	31	5
6026	114	5
6027	33	5
6028	7	5
6029	10	5
6030	75	5
6031	12	5
6032	7	5
6033	9	5
6034	12	5
6035	10	5
6036	14	5
6037	72	6
6038	12	6
6039	7	6
6040	9	6
6041	92	5
6042	8	5
6043	80	5
6044	47	5
6045	12	6
6046	87	5
6047	31	5
6048	9	5
6049	9	5
6050	17	5
6051	9	5
6052	34	5
6053	14	5
6054	16	5
6055	21	6
6056	60	5
6057	14	5
6058	10	6
6059	7	6
6060	9	6
6061	12	7
6062	16	7
6063	42	7
6064	12	7
6065	35	7
6066	78	7
6067	8	7
6068	38	7
6069	7	7
6070	9	8
6071	71	6
6072	175	5
6073	139	5
6074	8	5
6075	61	5
6076	10	5
6077	43	5
6078	10	5
6079	110	5
6080	8	5
6081	44	5
6082	9	5
6083	12	5
6084	31	5
6085	48	5
6086	12	5
6087	7	5
6088	8	5
6089	28	5
6090	25	5
6091	13	5
6092	29	6
6093	67	5
6094	40	5
6095	8	5
6096	13	5
6097	10	5
6098	9	5
6099	32	5
6100	31	6
6101	67	6
6102	36	5
6103	55	5
6104	7	5
6105	10	6
6106	9	6
6107	9	6
6108	57	6
6109	195	5
6110	27	5
6111	12	5
6112	10	5
6113	47	5
6114	29	5
6115	93	5
6116	14	6
6117	10	6
6118	52	6
6119	8	6
6120	69	5
6121	12	5
6122	63	5
6123	16	5
6124	67	5
6125	8	5
6126	13	5
6127	9	5
6128	19	5
6129	8	5
6130	13	5
6131	13	5
6132	9	5
6133	24	5
6134	8	5
6135	8	5
6136	25	5
6137	33	5
6138	61	5
6139	45	5
6140	7	5
6141	9	5
6142	13	5
6143	26	5
6144	33	5
6145	16	5
6146	11	5
6147	8	5
6148	33	6
6149	66	5
6150	36	5
6151	8	5
6152	22	5
6153	12	5
6154	9	5
6155	26	5
6156	24	5
6157	95	6
6158	11	6
6159	105	5
6160	20	5
6161	41	5
6162	8	5
6163	11	5
6164	13	5
6165	8	5
6166	14	6
6167	10	7
6168	42	6
6169	47	5
6170	9	5
6171	14	5
6172	7	5
6173	9	5
6174	13	5
6175	17	5
6176	15	5
6177	12	5
6178	9	5
6179	8	5
6180	56	5
6181	83	5
6182	18	5
6183	11	5
6184	51	5
6185	13	5
6186	7	7
6187	41	5
6188	21	6
6189	55	5
6190	117	5
6191	9	5
6192	40	5
6193	47	5
6194	32	5
6195	19	5
6196	23	5
6197	56	5
6198	14	5
6199	16	5
6200	88	5
6201	9	5
6202	23	5
6203	10	5
6204	9	6
6205	18	6
6206	7	6
6207	40	6
6208	52	6
6209	13	6
6210	81	5
6211	10	6
6212	50	5
6213	21	5
6214	10	5
6215	10	5
6216	56	5
6217	44	5
6218	57	5
6219	26	5
6220	9	5
6221	14	5
6222	9	5
6223	61	5
6224	45	5
6225	77	5
6226	9	5
6227	13	5
6228	7	5
6229	7	5
6230	9	5
6231	10	5
6232	64	6
6233	29	6
6234	9	6
6235	14	6
6236	14	6
6237	8	6
6238	42	6
6239	33	6
6240	142	5
6241	61	5
6242	14	5
6243	89	5
6244	258	5
6245	13	5
6246	33	5
6247	16	5
6248	24	5
6249	9	5
6250	94	5
6251	65	5
6252	13	5
6253	15	5
6254	32	5
6255	14	5
6256	45	5
6257	43	5
6258	63	5
6259	12	5
6260	38	5
6261	10	5
6262	8	5
6263	11	5
6264	8	6
6265	78	5
6266	90	5
6267	66	5
6268	9	5
6269	10	5
6270	8	5
6271	55	5
6272	76	5
6273	19	5
6274	8	6
6275	32	6
6276	30	6
6277	13	6
6278	64	5
6279	9	5
6280	9	5
6281	13	5
6282	24	6
6283	13	6
6284	32	6
6285	20	6
6286	37	6
6287	44	6
6288	39	5
6289	19	5
6290	8	5
6291	17	5
6292	7	5
6293	12	5
6294	19	5
6295	14	5
6296	12	5
6297	27	5
6298	28	5
6299	7	5
6300	39	5
6301	32	6
6302	34	6
6303	7	6
6304	60	6
6305	9	6
6306	8	6
6307	62	6
6308	8	7
6309	135	5
6310	27	5
6311	27	5
6312	15	5
6313	62	5
6314	58	5
6315	7	5
6316	12	5
6317	41	5
6318	160	5
6319	40	5
6320	22	5
6321	12	5
6322	68	5
6323	27	5
6324	47	5
6325	15	5
6326	8	6
6327	12	6
6328	11	6
6329	83	6
6330	56	5
6331	22	5
6332	141	5
6333	10	5
6334	12	5
6335	25	5
6336	8	5
6337	70	5
6338	66	5
6339	15	5
6340	47	5
6341	45	5
6342	83	5
6343	185	5
6344	14	5
6345	12	6
6346	33	5
6347	11	5
6348	69	5
6349	34	5
6350	9	5
6351	29	5
6352	41	5
6353	24	5
6354	7	5
6355	9	5
6356	41	5
6357	20	5
6358	7	6
6359	78	5
6360	17	5
6361	21	5
6362	21	5
6363	13	5
6364	7	5
6365	102	5
6366	27	5
6367	8	5
6368	14	5
6369	13	5
6370	37	5
6371	10	5
6372	62	5
6373	8	5
6374	10	5
6375	9	5
6376	76	5
6377	36	5
6378	36	5
6379	10	5
6380	13	5
6381	23	6
6382	37	5
6383	24	5
6384	33	5
6385	12	5
6386	10	6
6387	9	6
6388	53	6
6389	7	6
6390	10	6
6391	11	6
6392	34	6
6393	95	6
6394	28	6
6395	123	5
6396	12	5
6397	7	5
6398	21	5
6399	9	5
6400	34	6
6401	45	6
6402	92	5
6403	52	5
6404	19	6
6405	109	5
6406	26	5
6407	10	5
6408	50	5
6409	145	6
6410	40	5
6411	11	5
6412	8	5
6413	12	5
6414	64	5
6415	34	5
6416	27	5
6417	79	5
6418	25	5
6419	14	5
6420	9	5
6421	10	5
6422	18	5
6423	16	5
6424	12	5
6425	30	5
6426	21	5
6427	72	6
6428	60	5
6429	52	5
6430	33	5
6431	69	5
6432	9	5
6433	134	6
6434	28	5
6435	43	5
6436	7	5
6437	9	5
6438	8	5
6439	7	5
6440	30	5
6441	104	5
6442	24	5
6443	14	5
6444	7	5
6445	15	5
6446	16	6
6447	15	7
6448	50	5
6449	25	5
6450	19	5
6451	31	5
6452	32	5
6453	99	6
6454	40	5
6455	15	5
6456	113	6
6457	9	6
6458	13	6
6459	25	6
6460	113	5
6461	8	5
6462	28	5
6463	11	5
6464	10	5
6465	9	5
6466	47	5
6467	75	5
6468	10	5
6469	10	5
6470	11	5
6471	10	6
6472	54	5
6473	45	5
6474	7	5
6475	23	5
6476	63	5
6477	65	5
6478	27	5
6479	37	5
6480	54	5
6481	72	5
6482	9	5
6483	57	5
6484	9	5
6485	56	5
6486	7	5
6487	24	5
6488	33	5
6489	65	5
6490	100	5
6491	28	5
6492	14	5
6493	29	5
6494	9	6
6495	33	5
6496	8	5
6497	11	6
6498	44	5
6499	86	6
6500	8	6
6501	7	6
6502	58	6
6503	10	6
6504	65	5
6505	11	5
6506	12	6
6507	38	5
6508	17	5
6509	16	5
6510	25	5
6511	120	5
6512	33	5
6513	85	5
6514	9	5
6515	37	5
6516	8	5
6517	66	5
6518	8	5
6519	47	5
6520	26	5
6521	19	5
6522	11	6
6523	43	5
6524	12	5
6525	10	5
6526	7	7
6527	35	5
6528	104	5
6529	8	5
6530	8	5
6531	47	5
6532	10	5
6533	19	5
6534	8	5
6535	10	5
6536	78	5
6537	9	5
6538	32	5
6539	10	5
6540	79	5
6541	18	5
6542	12	5
6543	71	5
6544	26	5
6545	30	5
6546	10	5
6547	7	5
6548	34	5
6549	17	6
6550	85	5
6551	10	5
6552	17	5
6553	10	5
6554	12	5
6555	39	5
6556	28	5
6557	83	5
6558	15	6
6559	30	6
6560	50	5
6561	102	5
6562	123	5
6563	30	6
6564	39	6
6565	43	5
6566	66	5
6567	25	5
6568	9	5
6569	34	5
6570	9	5
6571	82	5
6572	82	5
6573	10	5
6574	8	5
6575	11	5
6576	40	5
6577	64	5
6578	150	5
6579	9	5
6580	30	5
6581	14	5
6582	54	5
6583	16	5
6584	7	5
6585	17	5
6586	12	5
6587	54	5
6588	139	5
6589	7	5
6590	56	6
6591	8	6
6592	81	5
6593	71	5
6594	11	5
6595	8	5
6596	7	5
6597	37	5
6598	11	5
6599	16	5
6600	45	5
6601	64	5
6602	27	5
6603	7	5
6604	52	5
6605	7	5
6606	57	5
6607	7	5
6608	8	5
6609	21	5
6610	49	5
6611	30	5
6612	9	5
6613	43	5
6614	48	5
6615	26	5
6616	17	5
6617	87	5
6618	28	5
6619	58	5
6620	23	5
6621	25	5
6622	26	5
6623	9	6
6624	17	6
6625	54	5
6626	24	5
6627	68	5
6628	11	5
6629	12	5
6630	107	6
6631	7	6
6632	8	6
6633	18	6
6634	48	6
6635	13	6
6636	8	6
6637	19	6
6638	52	6
6639	96	5
6640	36	5
6641	11	5
6642	25	6
6643	66	5
6644	9	5
6645	15	5
6646	15	6
6647	18	6
6648	70	5
6649	30	5
6650	26	5
6651	10	5
6652	54	5
6653	25	5
6654	11	5
6655	13	5
6656	26	6
6657	62	5
6658	56	5
6659	8	5
6660	9	5
6661	12	5
6662	36	5
6663	67	5
6664	9	5
6665	8	5
6666	92	5
6667	8	6
6668	107	5
6669	28	5
6670	54	5
6671	125	5
6672	89	5
6673	7	5
6674	7	5
6675	59	5
6676	85	5
6677	11	5
6678	28	5
6679	12	5
6680	83	5
6681	11	5
6682	8	5
6683	28	5
6684	24	5
6685	32	5
6686	78	5
6687	108	5
6688	18	5
6689	80	5
6690	13	5
6691	47	5
6692	15	5
6693	52	5
6694	10	5
6695	7	5
6696	8	5
6697	33	5
6698	11	6
6699	41	5
6700	8	5
6701	34	5
6702	34	5
6703	13	5
6704	32	5
6705	8	5
6706	7	5
6707	15	5
6708	9	6
6709	9	6
6710	57	5
6711	76	5
6712	17	5
6713	24	5
6714	17	5
6715	23	6
6716	18	7
6717	15	7
6718	10	7
6719	10	8
6720	100	5
6721	10	5
6722	35	5
6723	41	5
6724	9	5
6725	10	5
6726	27	5
6727	9	6
6728	62	5
6729	8	5
6730	8	5
6731	11	5
6732	43	5
6733	8	6
6734	147	5
6735	24	5
6736	7	5
6737	11	5
6738	11	5
6739	10	5
6740	39	5
6741	7	5
6742	9	5
6743	67	5
6744	8	5
6745	10	5
6746	9	5
6747	58	6
6748	9	6
6749	20	6
6750	62	6
6751	67	5
6752	113	5
6753	12	6
6754	7	6
6755	56	5
6756	41	5
6757	95	5
6758	46	5
6759	11	5
6760	56	5
6761	12	5
6762	43	5
6763	55	5
6764	9	6
6765	17	6
6766	8	7
6767	70	5
6768	141	5
6769	11	5
6770	21	5
6771	27	6
6772	25	7
6773	41	5
6774	21	5
6775	12	5
6776	15	5
6777	10	5
6778	28	5
6779	11	5
6780	7	6
6781	12	6
6782	8	6
6783	8	6
6784	13	6
6785	22	6
6786	30	6
6787	26	6
6788	9	6
6789	129	6
6790	11	6
6791	24	6
6792	21	6
6793	47	6
6794	14	7
6795	50	7
6796	37	6
6797	16	6
6798	28	6
6799	82	5
6800	16	5
6801	115	5
6802	34	6
6803	30	5
6804	11	5
6805	23	5
6806	25	5
6807	9	5
6808	97	5
6809	15	5
6810	8	5
6811	10	5
6812	34	5
6813	7	5
6814	160	6
6815	54	5
6816	27	5
6817	24	5
6818	39	6
6819	153	5
6820	31	5
6821	47	5
6822	7	5
6823	7	5
6824	24	5
6825	69	5
6826	12	5
6827	37	5
6828	59	5
6829	69	5
6830	105	5
6831	64	5
6832	8	5
6833	31	5
6834	15	5
6835	7	5
6836	13	5
6837	79	5
6838	72	5
6839	11	5
6840	9	6
6841	15	6
6842	8	6
6843	15	6
6844	79	5
6845	43	5
6846	39	6
6847	18	6
6848	11	7
6849	39	6
6850	50	5
6851	147	5
6852	31	5
6853	10	6
6854	34	6
6855	11	6
6856	10	6
6857	56	6
6858	191	5
6859	12	5
6860	7	5
6861	9	5
6862	30	5
6863	24	5
6864	13	5
6865	36	5
6866	67	5
6867	9	5
6868	31	5
6869	13	5
6870	60	5
6871	70	5
6872	24	5
6873	212	5
6874	17	5
6875	10	5
6876	14	5
6877	7	5
6878	12	5
6879	17	6
6880	38	6
6881	13	6
6882	32	6
6883	7	6
6884	57	6
6885	12	6
6886	12	6
6887	22	6
6888	12	6
6889	33	6
6890	89	6
6891	18	6
6892	7	6
6893	17	6
6894	35	6
6895	66	7
6896	45	6
6897	100	5
6898	15	5
6899	24	5
6900	9	5
6901	111	5
6902	9	5
6903	9	5
6904	77	5
6905	88	5
6906	30	5
6907	62	5
6908	9	5
6909	37	5
6910	41	5
6911	9	5
6912	7	5
6913	24	6
6914	11	6
6915	96	6
6916	32	5
6917	7	5
6918	7	5
6919	101	5
6920	7	5
6921	9	5
6922	119	5
6923	18	5
6924	37	5
6925	12	5
6926	10	5
6927	28	5
6928	13	5
6929	9	5
6930	65	6
6931	8	7
6932	15	7
6933	17	7
6934	10	7
6935	24	7
6936	67	6
6937	51	6
6938	66	5
6939	8	5
6940	60	5
6941	18	5
6942	17	5
6943	7	5
6944	26	5
6945	32	5
6946	7	5
6947	17	5
6948	10	5
6949	149	5
6950	18	5
6951	17	5
6952	24	5
6953	11	5
6954	12	5
6955	63	5
6956	29	5
6957	8	5
6958	42	5
6959	29	5
6960	9	6
6961	38	5
6962	7	5
6963	7	5
6964	13	5
6965	22	5
6966	21	5
6967	63	5
6968	13	5
6969	161	6
6970	7	6
6971	13	6
6972	76	5
6973	44	6
6974	8	6
6975	18	6
6976	8	6
6977	31	6
6978	105	5
6979	128	5
6980	7	5
6981	41	5
6982	85	5
6983	74	5
6984	10	5
6985	46	5
6986	25	5
6987	12	5
6988	50	5
6989	11	5
6990	30	5
6991	33	5
6992	15	5
6993	34	5
6994	8	5
6995	64	5
6996	8	5
6997	7	5
6998	30	5
6999	45	5
7000	53	6
7001	8	6
7002	10	6
7003	27	6
7004	14	6
7005	11	6
7006	36	6
7007	22	6
7008	99	6
7009	9	6
7010	96	5
7011	41	5
7012	14	5
7013	26	5
7014	29	5
7015	34	5
7016	79	5
7017	12	5
7018	47	5
7019	7	5
7020	46	5
7021	31	5
7022	10	5
7023	26	5
7024	11	6
7025	17	6
7026	87	5
7027	30	5
7028	7	5
7029	24	5
7030	30	5
7031	15	5
7032	12	5
7033	14	5
7034	7	5
7035	9	5
7036	8	5
7037	56	6
7038	7	6
7039	7	6
7040	135	5
7041	7	5
7042	63	5
7043	58	5
7044	32	5
7045	32	5
7046	66	5
7047	51	5
7048	9	5
7049	10	5
7050	7	5
7051	30	6
7052	9	6
7053	12	6
7054	20	6
7055	9	6
7056	23	6
7057	8	6
7058	46	6
7059	14	6
7060	57	6
7061	12	6
7062	74	6
7063	18	7
7064	77	6
7065	16	7
7066	47	7
7067	56	6
7068	72	5
7069	53	5
7070	20	5
7071	31	5
7072	78	5
7073	82	5
7074	54	5
7075	40	5
7076	24	5
7077	7	5
7078	9	5
7079	144	5
7080	69	5
7081	35	5
7082	9	5
7083	52	5
7084	9	5
7085	40	5
7086	13	5
7087	32	5
7088	68	5
7089	32	6
7090	7	7
7091	8	7
7092	69	5
7093	13	5
7094	11	5
7095	22	5
7096	11	5
7097	30	5
7098	54	5
7099	71	5
7100	35	5
7101	33	5
7102	11	5
7103	9	5
7104	57	5
7105	7	5
7106	14	5
7107	11	5
7108	13	5
7109	9	5
7110	10	5
7111	72	5
7112	11	5
7113	12	5
7114	74	5
7115	41	6
7116	7	6
7117	58	5
7118	7	5
7119	42	5
7120	12	5
7121	8	5
7122	15	5
7123	14	5
7124	30	5
7125	17	5
7126	11	5
7127	7	5
7128	9	5
7129	9	6
7130	53	5
7131	10	5
7132	56	5
7133	25	5
7134	11	5
7135	14	5
7136	16	5
7137	53	5
7138	25	5
7139	8	5
7140	30	5
7141	8	5
7142	41	5
7143	71	5
7144	9	5
7145	16	5
7146	8	5
7147	111	5
7148	9	5
7149	7	5
7150	18	5
7151	7	5
7152	7	5
7153	57	5
7154	24	5
7155	7	5
7156	36	5
7157	35	5
7158	13	5
7159	24	5
7160	20	5
7161	21	5
7162	25	5
7163	9	5
7164	7	5
7165	46	5
7166	8	5
7167	64	5
7168	7	6
7169	73	5
7170	9	5
7171	19	5
7172	16	5
7173	131	5
7174	37	6
7175	13	6
7176	61	5
7177	10	5
7178	37	5
7179	19	5
7180	17	6
7181	12	6
7182	21	6
7183	11	6
7184	82	5
7185	44	5
7186	31	5
7187	8	5
7188	40	6
7189	49	5
7190	9	6
7191	68	5
7192	7	5
7193	20	5
7194	7	5
7195	45	5
7196	98	5
7197	43	5
7198	7	5
7199	12	5
7200	30	5
7201	9	5
7202	22	5
7203	38	5
7204	40	5
7205	32	5
7206	51	5
7207	10	5
7208	21	5
7209	33	6
7210	14	6
7211	58	5
7212	7	5
7213	50	6
7214	17	6
7215	15	6
7216	39	6
7217	15	6
7218	9	6
7219	7	6
7220	12	7
7221	176	6
7222	46	5
7223	16	5
7224	8	5
7225	31	5
7226	28	5
7227	18	5
7228	81	6
7229	18	6
7230	64	5
7231	31	5
7232	29	5
7233	14	5
7234	84	5
7235	15	5
7236	55	5
7237	33	5
7238	11	5
7239	17	5
7240	12	5
7241	10	5
7242	31	5
7243	62	6
7244	99	5
7245	31	5
7246	72	5
7247	12	5
7248	53	5
7249	13	5
7250	41	5
7251	13	5
7252	7	5
7253	9	5
7254	83	5
7255	58	5
7256	30	5
7257	107	6
7258	25	6
7259	16	6
7260	37	6
7261	26	6
7262	98	6
7263	9	6
7264	26	6
7265	44	6
7266	15	6
7267	102	5
7268	117	5
7269	32	5
7270	21	5
7271	12	5
7272	16	5
7273	130	5
7274	43	5
7275	35	5
7276	8	5
7277	9	5
7278	60	5
7279	17	5
7280	7	5
7281	35	5
7282	54	5
7283	11	5
7284	54	5
7285	10	5
7286	18	5
7287	17	5
7288	14	5
7289	30	5
7290	11	5
7291	8	5
7292	20	5
7293	99	5
7294	10	5
7295	11	5
7296	8	5
7297	15	5
7298	70	6
7299	72	6
7300	65	5
7301	12	5
7302	8	7
7303	132	5
7304	7	5
7305	43	5
7306	52	5
7307	62	5
7308	57	5
7309	15	5
7310	33	5
7311	22	5
7312	14	5
7313	12	5
7314	29	5
7315	14	5
7316	20	6
7317	8	6
7318	11	6
7319	125	5
7320	25	5
7321	36	5
7322	54	5
7323	98	5
7324	47	5
7325	7	5
7326	8	6
7327	33	5
7328	33	5
7329	7	5
7330	28	5
7331	8	5
7332	25	5
7333	54	5
7334	37	5
7335	15	5
7336	13	5
7337	42	6
7338	25	6
7339	71	5
7340	43	5
7341	69	5
7342	8	5
7343	19	5
7344	20	5
7345	17	5
7346	9	5
7347	12	5
7348	43	6
7349	46	5
7350	8	5
7351	15	5
7352	88	6
7353	41	5
7354	10	5
7355	55	5
7356	182	5
7357	50	5
7358	13	6
7359	8	6
7360	10	6
7361	12	6
7362	20	7
7363	68	6
7364	64	6
7365	19	6
7366	20	6
7367	81	5
7368	7	5
7369	9	6
7370	75	5
7371	11	5
7372	124	5
7373	12	6
7374	33	7
7375	33	5
7376	43	5
7377	9	5
7378	32	5
7379	8	6
7380	8	6
7381	7	6
7382	13	6
7383	45	6
7384	7	6
7385	50	6
7386	61	7
7387	39	6
7388	133	5
7389	11	5
7390	27	5
7391	11	5
7392	7	5
7393	35	5
7394	7	5
7395	26	5
7396	10	5
7397	60	5
7398	8	5
7399	8	5
7400	58	5
7401	19	5
7402	81	6
7403	39	5
7404	59	5
7405	13	6
7406	58	5
7407	89	6
7408	48	5
7409	10	5
7410	40	5
7411	42	5
7412	13	5
7413	11	5
7414	16	5
7415	11	5
7416	34	5
7417	103	5
7418	20	5
7419	48	5
7420	8	5
7421	9	5
7422	31	5
7423	27	5
7424	31	5
7425	11	5
7426	28	5
7427	45	5
7428	54	5
7429	9	5
7430	63	6
7431	133	5
7432	37	5
7433	7	5
7434	36	5
7435	49	5
7436	66	5
7437	8	5
7438	8	6
7439	46	5
7440	10	5
7441	9	5
7442	65	5
7443	7	5
7444	7	5
7445	7	5
7446	65	5
7447	8	5
7448	11	5
7449	41	5
7450	132	5
7451	23	5
7452	22	5
7453	34	5
7454	19	5
7455	105	5
7456	13	5
7457	18	5
7458	7	5
7459	13	5
7460	32	5
7461	10	5
7462	21	5
7463	8	5
7464	10	5
7465	43	5
7466	64	5
7467	10	5
7468	51	5
7469	11	5
7470	8	5
7471	58	5
7472	8	5
7473	10	5
7474	12	5
7475	14	5
7476	28	5
7477	8	5
7478	27	6
7479	29	5
7480	8	5
7481	69	5
7482	11	5
7483	18	5
7484	8	5
7485	8	5
7486	12	6
7487	222	5
7488	7	5
7489	18	5
7490	10	5
7491	13	5
7492	51	5
7493	7	5
7494	7	6
7495	12	6
7496	172	5
7497	32	5
7498	12	6
7499	55	5
7500	8	5
7501	25	5
7502	15	5
7503	17	5
7504	9	5
7505	41	6
7506	84	5
7507	17	6
7508	55	5
7509	31	5
7510	9	5
7511	93	5
7512	71	5
7513	58	5
7514	12	5
7515	61	5
7516	20	5
7517	24	5
7518	8	5
7519	13	5
7520	39	5
7521	29	5
7522	17	5
7523	29	5
7524	31	5
7525	66	5
7526	36	5
7527	12	5
7528	12	5
7529	96	5
7530	18	5
7531	8	6
7532	8	6
7533	50	6
7534	8	6
7535	14	6
7536	108	5
7537	112	5
7538	111	5
7539	22	5
7540	42	5
7541	29	5
7542	9	5
7543	9	5
7544	49	5
7545	9	5
7546	8	5
7547	7	5
7548	96	5
7549	8	5
7550	10	5
7551	89	5
7552	19	5
7553	10	6
7554	10	6
7555	50	5
7556	58	5
7557	7	5
7558	77	5
7559	55	6
7560	61	5
7561	12	5
7562	20	5
7563	57	5
7564	14	5
7565	16	5
7566	45	5
7567	126	5
7568	18	6
7569	43	5
7570	165	5
7571	16	5
7572	25	5
7573	45	6
7574	32	6
7575	10	6
7576	10	6
7577	9	6
7578	10	6
7579	8	6
7580	10	6
7581	16	6
7582	13	6
7583	96	6
7584	83	6
7585	16	6
7586	9	6
7587	37	6
7588	49	6
7589	103	6
7590	11	6
7591	75	5
7592	10	5
7593	17	5
7594	9	5
7595	30	5
7596	11	5
7597	80	5
7598	85	5
7599	12	5
7600	8	5
7601	112	6
7602	8	6
7603	74	5
7604	16	5
7605	8	5
7606	7	5
7607	60	5
7608	14	5
7609	49	5
7610	61	6
7611	61	5
7612	48	5
7613	111	6
7614	38	7
7615	38	5
7616	9	5
7617	12	5
7618	14	5
7619	14	5
7620	12	5
7621	15	5
7622	25	5
7623	24	6
7624	59	5
7625	54	5
7626	52	5
7627	66	5
7628	56	5
7629	35	5
7630	10	6
7631	108	5
7632	12	5
7633	22	5
7634	14	5
7635	33	5
7636	19	5
7637	30	5
7638	8	5
7639	82	6
7640	8	6
7641	10	6
7642	13	6
7643	84	5
7644	9	5
7645	8	5
7646	37	5
7647	43	5
7648	68	5
7649	20	5
7650	20	5
7651	76	5
7652	25	5
7653	9	5
7654	49	5
7655	10	5
7656	52	6
7657	51	5
7658	118	5
7659	10	5
7660	11	5
7661	7	5
7662	9	5
7663	40	5
7664	25	5
7665	7	5
7666	23	5
7667	22	5
7668	40	5
7669	59	5
7670	92	5
7671	40	6
7672	39	5
7673	29	5
7674	11	5
7675	30	5
7676	9	5
7677	43	6
7678	82	5
7679	38	5
7680	31	5
7681	9	5
7682	10	5
7683	18	5
7684	26	5
7685	13	5
7686	13	5
7687	88	5
7688	69	5
7689	34	5
7690	20	5
7691	7	5
7692	10	5
7693	30	5
7694	10	5
7695	37	5
7696	11	5
7697	9	5
7698	24	5
7699	25	5
7700	42	5
7701	23	5
7702	50	6
7703	8	6
7704	24	6
7705	7	6
7706	33	6
7707	49	6
7708	58	6
7709	38	6
7710	88	5
7711	16	5
7712	10	5
7713	12	5
7714	7	5
7715	211	5
7716	21	5
7717	55	6
7718	11	6
7719	61	5
7720	39	5
7721	104	5
7722	11	5
7723	8	5
7724	8	5
7725	8	5
7726	17	5
7727	37	5
7728	52	5
7729	10	5
7730	12	6
7731	112	5
7732	13	5
7733	7	5
7734	24	6
7735	99	5
7736	53	5
7737	16	5
7738	45	5
7739	96	5
7740	16	5
7741	12	5
7742	13	5
7743	37	5
7744	10	5
7745	49	5
7746	10	5
7747	34	5
7748	36	5
7749	15	5
7750	49	5
7751	37	6
7752	18	6
7753	81	5
7754	48	5
7755	93	5
7756	19	6
7757	47	5
7758	47	5
7759	91	5
7760	111	5
7761	38	5
7762	9	5
7763	29	5
7764	38	5
7765	12	5
7766	36	5
7767	14	5
7768	17	5
7769	38	5
7770	13	5
7771	12	5
7772	8	5
7773	12	5
7774	17	5
7775	79	5
7776	51	5
7777	8	5
7778	10	5
7779	16	5
7780	10	5
7781	10	5
7782	8	5
7783	14	5
7784	10	5
7785	26	5
7786	8	5
7787	64	5
7788	10	5
7789	15	5
7790	16	5
7791	31	5
7792	40	5
7793	19	6
7794	69	6
7795	9	7
7796	8	7
7797	72	5
7798	30	5
7799	7	5
7800	26	5
7801	51	6
7802	40	5
7803	14	5
7804	8	5
7805	8	5
7806	35	6
7807	67	5
7808	59	5
7809	46	5
7810	9	5
7811	10	5
7812	31	6
7813	29	5
7814	8	5
7815	11	5
7816	11	5
7817	13	6
7818	11	6
7819	61	5
7820	13	7
7821	50	5
7822	8	5
7823	36	5
7824	52	5
7825	28	6
7826	40	6
7827	55	5
7828	10	5
7829	7	5
7830	7	5
7831	9	5
7832	24	5
7833	9	6
7834	37	5
7835	8	5
7836	10	5
7837	135	5
7838	69	6
7839	33	5
7840	73	5
7841	12	5
7842	7	5
7843	8	5
7844	8	6
7845	50	5
7846	11	5
7847	9	5
7848	7	5
7849	12	5
7850	175	5
7851	26	5
7852	9	5
7853	173	5
7854	67	5
7855	74	5
7856	12	5
7857	62	5
7858	9	5
7859	13	5
7860	31	5
7861	14	5
7862	138	6
7863	52	5
7864	33	5
7865	12	5
7866	9	5
7867	7	5
7868	19	6
7869	38	5
7870	7	5
7871	7	5
7872	7	5
7873	82	5
7874	68	5
7875	10	5
7876	14	5
7877	60	5
7878	9	5
7879	57	5
7880	35	5
7881	101	5
7882	11	5
7883	9	5
7884	35	5
7885	32	5
7886	33	6
7887	8	6
7888	75	5
7889	19	5
7890	13	5
7891	9	5
7892	53	5
7893	74	5
7894	9	5
7895	18	6
7896	30	6
7897	11	6
7898	41	6
7899	66	5
7900	10	5
7901	83	5
7902	19	5
7903	11	5
7904	152	5
7905	12	6
7906	37	5
7907	7	5
7908	36	5
7909	17	5
7910	40	5
7911	7	5
7912	90	5
7913	15	5
7914	9	6
7915	10	6
7916	32	6
7917	10	6
7918	32	6
7919	121	5
7920	11	5
7921	83	5
7922	46	5
7923	64	5
7924	12	5
7925	10	5
7926	51	6
7927	9	6
7928	7	6
7929	25	6
7930	58	6
7931	27	6
7932	7	6
7933	7	6
7934	10	6
7935	23	6
7936	7	6
7937	41	6
7938	31	6
7939	47	6
7940	12	6
7941	26	6
7942	58	6
7943	34	6
7944	12	6
7945	74	6
7946	40	6
7947	25	7
7948	36	6
7949	31	6
7950	10	8
7951	20	8
7952	12	8
7953	95	6
7954	61	6
7955	10	6
7956	9	7
7957	9	7
7958	86	7
7959	32	6
7960	9	6
7961	9	7
7962	15	7
7963	9	7
7964	32	7
7965	11	7
7966	63	6
7967	94	6
7968	23	6
7969	41	6
7970	7	6
7971	25	6
7972	22	6
7973	47	6
7974	35	6
7975	9	6
7976	18	6
7977	39	6
7978	120	7
7979	10	7
7980	7	7
7981	125	5
7982	7	5
7983	11	5
7984	23	6
7985	91	5
7986	69	5
7987	116	5
7988	19	5
7989	14	6
7990	77	5
7991	18	5
7992	9	5
7993	113	5
7994	49	5
7995	21	5
7996	24	5
7997	22	5
7998	8	5
7999	120	6
8000	9	6
8001	41	6
8002	10	6
8003	24	6
8004	14	6
8005	13	6
8006	9	6
8007	32	6
8008	27	6
8009	60	6
8010	58	6
8011	10	6
8012	7	6
8013	32	6
8014	16	6
8015	9	6
8016	54	6
8017	10	7
8018	16	7
8019	13	7
8020	8	7
8021	16	7
8022	89	6
8023	46	7
8024	11	7
8025	51	6
8026	16	6
8027	14	6
8028	26	6
8029	16	6
8030	47	6
8031	37	6
8032	50	6
8033	83	6
8034	49	6
8035	11	6
8036	39	6
8037	55	6
8038	15	6
8039	33	6
8040	42	6
8041	13	6
8042	58	6
8043	39	6
8044	40	6
8045	36	6
8046	7	6
8047	39	6
8048	16	6
8049	31	6
8050	29	7
8051	41	6
8052	60	6
8053	8	6
8054	8	6
8055	9	6
8056	10	6
8057	18	6
8058	14	7
8059	30	7
8060	15	7
8061	18	7
8062	9	7
8063	76	6
8064	36	6
8065	54	6
8066	139	6
8067	9	6
8068	11	6
8069	16	6
8070	78	7
8071	8	7
8072	46	7
8073	15	7
8074	10	7
8075	62	7
8076	194	5
8077	10	5
8078	15	5
8079	116	5
8080	9	5
8081	65	5
8082	8	5
8083	8	5
8084	13	5
8085	52	5
8086	36	5
8087	7	5
8088	24	5
8089	14	5
8090	11	5
8091	7	5
8092	23	5
8093	44	5
8094	13	5
8095	10	5
8096	9	6
8097	28	6
8098	32	6
8099	27	6
8100	34	6
8101	9	7
8102	49	6
8103	20	6
8104	88	5
8105	18	5
8106	27	5
8107	11	5
8108	39	5
8109	7	5
8110	32	5
8111	46	5
8112	8	5
8113	25	5
8114	87	5
8115	29	5
8116	78	6
8117	20	6
8118	36	5
8119	30	5
8120	11	5
8121	119	5
8122	34	5
8123	69	5
8124	35	5
8125	47	5
8126	14	6
8127	7	6
8128	50	6
8129	14	6
8130	114	5
8131	27	5
8132	13	6
8133	77	6
8134	13	6
8135	8	6
8136	7	6
8137	29	6
8138	9	6
8139	26	6
8140	31	6
8141	7	6
8142	9	6
8143	11	6
8144	15	6
8145	13	6
8146	8	6
8147	67	6
8148	64	7
8149	11	7
8150	12	8
8151	21	8
8152	13	8
8153	15	8
8154	7	8
8155	12	8
8156	27	8
8157	16	8
8158	40	8
8159	78	7
8160	50	7
8161	8	7
8162	81	6
8163	26	6
8164	9	6
8165	9	6
8166	28	6
8167	122	6
8168	60	6
8169	23	6
8170	9	6
8171	11	6
8172	12	6
8173	10	6
8174	46	6
8175	60	7
8176	15	7
8177	11	7
8178	75	6
8179	33	6
8180	26	6
8181	38	6
8182	14	6
8183	38	6
8184	55	6
8185	25	6
8186	47	6
8187	51	7
8188	20	7
8189	197	5
8190	24	6
8191	7	6
8192	44	6
8193	31	6
8194	7	6
8195	8	6
8196	12	6
8197	44	7
8198	26	7
8199	44	7
8200	40	6
8201	7	6
8202	46	6
8203	76	6
8204	8	6
8205	35	6
8206	53	6
8207	49	6
8208	33	6
8209	30	6
8210	12	6
8211	56	6
8212	10	6
8213	88	6
8214	9	6
8215	11	6
8216	21	6
8217	52	6
8218	14	6
8219	40	6
8220	10	6
8221	58	6
8222	61	7
8223	7	7
8224	47	7
8225	35	6
8226	19	6
8227	9	6
8228	40	6
8229	76	6
8230	43	6
8231	17	6
8232	11	7
8233	11	7
8234	13	7
8235	73	6
8236	19	6
8237	37	6
8238	13	6
8239	10	6
8240	19	7
8241	44	6
8242	9	7
8243	28	6
8244	14	7
8245	16	7
8246	42	6
8247	56	6
8248	36	6
8249	8	6
8250	9	6
8251	9	6
8252	26	6
8253	20	6
8254	29	6
8255	27	6
8256	29	6
8257	75	6
8258	26	6
8259	61	9
8260	21	7
8261	14	7
8262	62	6
8263	7	6
8264	13	6
8265	12	6
8266	11	6
8267	8	6
8268	33	6
8269	41	6
8270	14	6
8271	16	6
8272	7	6
8273	10	6
8274	8	6
8275	8	6
8276	9	6
8277	58	6
8278	73	6
8279	107	6
8280	15	6
8281	41	6
8282	38	6
8283	50	6
8284	30	6
8285	54	6
8286	12	6
8287	15	6
8288	22	6
8289	86	6
8290	9	6
8291	8	6
8292	8	6
8293	75	6
8294	12	6
8295	109	6
8296	16	6
8297	7	6
8298	37	6
8299	91	6
8300	7	6
8301	9	6
8302	7	6
8303	25	6
8304	11	7
8305	25	7
8306	8	7
8307	11	8
8308	117	6
8309	11	6
8310	12	7
8311	51	6
8312	20	6
8313	12	6
8314	77	6
8315	23	6
8316	9	6
8317	21	6
8318	30	6
8319	16	7
8320	56	6
8321	30	7
8322	107	6
8323	12	6
8324	58	6
8325	13	6
8326	20	6
8327	39	6
8328	19	6
8329	34	6
8330	22	6
8331	44	6
8332	25	6
8333	52	7
8334	56	6
8335	27	6
8336	27	6
8337	12	6
8338	78	6
8339	50	6
8340	29	6
8341	20	6
8342	25	6
8343	9	6
8344	27	6
8345	12	6
8346	8	6
8347	29	6
8348	11	6
8349	9	6
8350	10	6
8351	9	6
8352	31	6
8353	12	7
8354	99	6
8355	128	6
8356	51	6
8357	55	6
8358	46	6
8359	25	7
8360	15	8
8361	31	7
8362	65	5
8363	89	5
8364	8	5
8365	32	5
8366	8	5
8367	50	5
8368	33	5
8369	26	5
8370	35	5
8371	25	5
8372	10	5
8373	19	5
8374	11	5
8375	100	5
8376	8	5
8377	34	5
8378	37	5
8379	8	5
8380	7	5
8381	10	5
8382	12	5
8383	10	5
8384	7	5
8385	7	5
8386	28	5
8387	25	5
8388	7	5
8389	22	5
8390	41	5
8391	12	5
8392	92	5
8393	15	5
8394	34	5
8395	19	5
8396	125	5
8397	7	5
8398	15	5
8399	56	5
8400	30	5
8401	11	5
8402	10	5
8403	80	5
8404	49	5
8405	53	5
8406	13	5
8407	7	5
8408	71	6
8409	11	6
8410	38	6
8411	14	6
8412	29	6
8413	7	6
8414	11	6
8415	14	7
8416	35	7
8417	74	7
8418	9	7
8419	35	7
8420	67	6
8421	8	7
8422	30	6
8423	63	6
8424	24	6
8425	77	7
8426	16	7
8427	45	7
8428	61	5
8429	12	5
8430	11	5
8431	20	5
8432	7	5
8433	22	5
8434	60	5
8435	28	5
8436	27	5
8437	20	5
8438	11	5
8439	11	6
8440	39	5
8441	127	5
8442	33	5
8443	27	5
8444	101	5
8445	9	6
8446	54	5
8447	24	5
8448	55	5
8449	15	6
8450	31	5
8451	44	5
8452	10	5
8453	8	5
8454	14	5
8455	11	5
8456	10	5
8457	53	5
8458	76	5
8459	42	5
8460	30	5
8461	105	5
8462	35	5
8463	87	6
8464	41	5
8465	16	5
8466	31	5
8467	25	5
8468	37	5
8469	7	5
8470	24	5
8471	60	5
8472	10	5
8473	7	5
8474	56	5
8475	9	5
8476	32	6
8477	11	7
8478	9	7
8479	38	8
8480	45	5
8481	10	5
8482	85	5
8483	48	6
8484	36	5
8485	13	5
8486	7	5
8487	7	6
8488	59	5
8489	14	5
8490	68	5
8491	8	5
8492	36	5
8493	29	6
8494	98	5
8495	10	5
8496	171	5
8497	7	5
8498	10	6
8499	65	5
8500	13	5
8501	49	5
8502	9	5
8503	32	5
8504	74	5
8505	48	5
8506	7	5
8507	13	5
8508	12	5
8509	7	5
8510	7	5
8511	111	5
8512	22	5
8513	13	5
8514	41	5
8515	31	5
8516	26	5
8517	26	5
8518	11	5
8519	26	5
8520	8	6
8521	87	5
8522	38	5
8523	12	5
8524	27	5
8525	9	5
8526	57	6
8527	65	5
8528	34	5
8529	27	5
8530	68	6
8531	38	5
8532	15	5
8533	28	5
8534	8	5
8535	7	6
8536	67	5
8537	8	5
8538	15	5
8539	61	5
8540	7	5
8541	8	5
8542	23	5
8543	36	5
8544	12	5
8545	11	5
8546	11	6
8547	54	5
8548	11	5
8549	28	5
8550	69	6
8551	59	5
8552	42	5
8553	72	6
8554	8	7
8555	50	5
8556	27	5
8557	11	5
8558	10	6
8559	12	6
8560	64	5
8561	8	5
8562	8	5
8563	16	5
8564	32	5
8565	53	5
8566	94	5
8567	11	5
8568	57	5
8569	21	5
8570	29	5
8571	40	5
8572	11	5
8573	108	5
8574	85	5
8575	8	5
8576	13	5
8577	88	5
8578	61	5
8579	25	5
8580	37	5
8581	7	5
8582	29	5
8583	7	6
8584	51	5
8585	49	6
8586	39	5
8587	9	5
8588	58	5
8589	8	5
8590	177	5
8591	12	5
8592	26	5
8593	14	5
8594	7	5
8595	27	5
8596	13	6
8597	38	6
8598	10	6
8599	29	6
8600	28	6
8601	26	6
8602	21	6
8603	12	6
8604	65	6
8605	29	6
8606	13	6
8607	8	6
8608	10	6
8609	14	6
8610	17	6
8611	13	6
8612	14	7
8613	80	6
8614	8	6
8615	76	6
8616	25	6
8617	17	7
8618	99	6
8619	14	6
8620	8	6
8621	26	6
8622	28	6
8623	23	6
8624	10	6
8625	49	6
8626	16	6
8627	138	7
8628	51	6
8629	59	5
8630	44	5
8631	9	5
8632	9	5
8633	48	5
8634	25	5
8635	8	5
8636	15	6
8637	30	5
8638	26	5
8639	7	6
8640	74	5
8641	28	5
8642	18	5
8643	63	5
8644	75	5
8645	10	5
8646	16	5
8647	81	5
8648	25	5
8649	13	5
8650	32	5
8651	8	5
8652	32	5
8653	8	6
8654	23	6
8655	9	6
8656	7	6
8657	31	6
8658	18	6
8659	30	6
8660	12	6
8661	70	6
8662	18	6
8663	38	7
8664	33	6
8665	8	6
8666	13	6
8667	7	6
8668	36	6
8669	30	6
8670	9	6
8671	40	7
8672	14	8
8673	54	6
8674	29	6
8675	13	7
8676	18	7
8677	31	7
8678	15	7
8679	20	7
8680	40	7
8681	11	7
8682	57	7
8683	22	7
8684	29	8
8685	9	8
8686	61	6
8687	118	6
8688	31	6
8689	15	6
8690	23	6
8691	14	6
8692	10	6
8693	37	6
8694	59	6
8695	12	6
8696	7	6
8697	9	6
8698	14	6
8699	17	6
8700	11	6
8701	11	6
8702	16	7
8703	29	6
8704	73	6
8705	24	7
8706	33	6
8707	10	6
8708	9	6
8709	51	6
8710	12	6
8711	23	6
8712	44	6
8713	7	6
8714	27	6
8715	34	6
8716	26	6
8717	140	6
8718	23	6
8719	28	6
8720	30	6
8721	51	6
8722	43	6
8723	8	6
8724	9	6
8725	20	6
8726	38	6
8727	14	6
8728	53	6
8729	10	6
8730	31	6
8731	45	6
8732	12	6
8733	34	6
8734	91	6
8735	8	6
8736	23	6
8737	63	7
8738	8	7
8739	60	6
8740	8	6
8741	39	6
8742	28	6
8743	123	6
8744	27	6
8745	9	6
8746	26	6
8747	55	6
8748	64	6
8749	20	6
8750	84	5
8751	51	6
8752	102	5
8753	28	5
8754	41	5
8755	20	5
8756	14	5
8757	17	5
8758	15	5
8759	27	5
8760	8	5
8761	27	6
8762	40	5
8763	11	5
8764	14	5
8765	27	5
8766	9	5
8767	27	5
8768	8	5
8769	82	5
8770	82	5
8771	115	5
8772	26	5
8773	9	5
8774	8	5
8775	7	5
8776	11	5
8777	72	6
8778	9	7
8779	40	6
8780	124	5
8781	7	5
8782	134	5
8783	32	5
8784	45	5
8785	7	5
8786	9	5
8787	36	5
8788	38	5
8789	26	5
8790	25	5
8791	7	6
8792	8	6
8793	11	6
8794	115	6
8795	56	5
8796	36	5
8797	12	5
8798	228	5
8799	10	5
8800	7	5
8801	17	5
8802	12	5
8803	29	5
8804	37	5
8805	13	5
8806	8	5
8807	29	5
8808	22	5
8809	43	5
8810	29	6
8811	12	7
8812	44	6
8813	7	6
8814	13	6
8815	8	6
8816	10	6
8817	37	6
8818	11	6
8819	36	6
8820	27	6
8821	13	6
8822	32	6
8823	54	6
8824	89	8
8825	38	6
8826	18	6
8827	127	5
8828	36	5
8829	134	5
8830	47	5
8831	23	5
8832	7	6
8833	36	5
8834	61	5
8835	9	5
8836	10	5
8837	31	6
8838	11	6
8839	13	6
8840	20	6
8841	12	6
8842	89	6
8843	8	6
8844	15	6
8845	43	6
8846	18	7
8847	121	5
8848	88	5
8849	8	6
8850	64	5
8851	116	6
8852	7	6
8853	10	6
8854	54	6
8855	8	6
8856	22	6
8857	10	6
8858	11	7
8859	24	6
8860	14	6
8861	9	8
8862	19	8
8863	10	8
8864	13	8
8865	7	8
8866	19	8
8867	8	8
8868	40	8
8869	10	8
8870	64	8
8871	12	8
8872	53	8
8873	12	8
8874	14	8
8875	14	8
8876	40	8
8877	10	8
8878	9	8
8879	12	8
8880	17	8
8881	202	6
8882	15	6
8883	45	6
8884	48	6
8885	41	6
8886	9	6
8887	33	6
8888	54	6
8889	21	6
8890	21	6
8891	26	6
8892	8	6
8893	26	6
8894	8	6
8895	69	6
8896	9	6
8897	27	6
8898	7	6
8899	111	6
8900	7	6
8901	53	6
8902	82	5
8903	21	5
8904	7	5
8905	9	5
8906	36	5
8907	28	5
8908	9	5
8909	25	5
8910	9	5
8911	10	5
8912	7	5
8913	8	5
8914	10	5
8915	8	5
8916	152	5
8917	12	5
8918	9	5
8919	37	5
8920	30	5
8921	42	5
8922	7	5
8923	12	5
8924	61	5
8925	9	6
8926	78	5
8927	94	5
8928	16	5
8929	70	5
8930	7	5
8931	7	6
8932	26	6
8933	8	6
8934	11	6
8935	65	6
8936	65	5
8937	25	5
8938	14	5
8939	17	5
8940	57	5
8941	10	5
8942	19	5
8943	9	5
8944	19	5
8945	31	5
8946	16	6
8947	105	5
8948	48	6
8949	32	6
8950	10	6
8951	10	7
8952	67	6
8953	9	6
8954	46	6
8955	78	5
8956	14	5
8957	39	6
8958	109	5
8959	71	5
8960	47	6
8961	54	5
8962	15	5
8963	20	5
8964	113	5
8965	37	6
8966	37	5
8967	11	5
8968	17	5
8969	10	5
8970	14	5
8971	8	5
8972	27	6
8973	16	6
8974	13	6
8975	43	6
8976	16	7
8977	51	6
8978	15	6
8979	20	6
8980	9	6
8981	75	6
8982	10	6
8983	9	6
8984	14	6
8985	9	6
8986	108	6
8987	27	6
8988	24	6
8989	27	6
8990	7	6
8991	11	7
8992	71	6
8993	15	7
8994	20	7
8995	38	6
8996	66	6
8997	20	6
8998	12	6
8999	134	5
9000	47	5
9001	22	5
9002	79	5
9003	11	5
9004	10	5
9005	30	5
9006	31	5
9007	8	5
9008	12	5
9009	41	5
9010	103	6
9011	16	7
9012	11	7
9013	19	7
9014	24	7
9015	16	7
9016	8	7
9017	47	7
9018	11	7
9019	10	7
9020	24	7
9021	120	5
9022	9	5
9023	60	5
9024	17	5
9025	9	5
9026	30	6
9027	70	5
9028	9	5
9029	10	5
9030	101	6
9031	54	6
9032	44	5
9033	14	5
9034	9	5
9035	9	5
9036	35	5
9037	26	5
9038	12	6
9039	10	6
9040	34	6
9041	12	6
9042	39	6
9043	48	5
9044	31	5
9045	29	5
9046	99	5
9047	21	5
9048	12	5
9049	96	5
9050	74	5
9051	16	5
9052	10	6
9053	9	6
9054	107	5
9055	61	5
9056	9	5
9057	23	5
9058	25	5
9059	15	5
9060	28	5
9061	33	5
9062	23	5
9063	7	5
9064	154	5
9065	92	5
9066	29	5
9067	77	5
9068	13	5
9069	138	5
9070	7	5
9071	16	5
9072	14	5
9073	13	5
9074	49	5
9075	7	5
9076	23	5
9077	16	5
9078	45	6
9079	26	6
9080	42	5
9081	189	5
9082	26	5
9083	8	6
9084	11	6
9085	12	6
9086	89	5
9087	75	5
9088	26	5
9089	8	5
9090	51	5
9091	41	5
9092	12	5
9093	113	6
9094	49	5
9095	11	5
9096	10	5
9097	18	6
9098	17	7
9099	11	8
9100	25	7
9101	82	5
9102	44	5
9103	12	5
9104	11	5
9105	73	5
9106	76	5
9107	7	5
9108	46	5
9109	23	5
9110	8	5
9111	7	5
9112	83	5
9113	9	5
9114	38	5
9115	8	5
9116	10	5
9117	36	5
9118	9	5
9119	14	5
9120	30	5
9121	9	5
9122	44	5
9123	16	5
9124	9	5
9125	95	5
9126	64	5
9127	144	5
9128	16	6
9129	8	6
9130	104	5
9131	45	5
9132	57	5
9133	55	5
9134	165	7
9135	81	6
9136	14	6
9137	60	5
9138	19	5
9139	11	5
9140	11	5
9141	7	5
9142	35	6
9143	10	6
9144	11	6
9145	32	6
9146	10	6
9147	44	6
9148	10	6
9149	24	6
9150	8	6
9151	9	6
9152	16	6
9153	9	6
9154	13	6
9155	16	7
9156	54	6
9157	21	6
9158	11	6
9159	10	6
9160	103	6
9161	34	6
9162	33	6
9163	13	6
9164	9	6
9165	18	6
9166	72	6
9167	48	6
9168	15	6
9169	41	7
9170	9	7
9171	16	7
9172	8	7
9173	42	7
9174	53	7
9175	20	7
9176	12	8
9177	8	8
9178	40	7
9179	19	8
9180	43	7
9181	71	7
9182	19	7
9183	8	7
9184	10	7
9185	17	7
9186	48	7
9187	16	8
9188	29	8
9189	9	8
9190	10	8
9191	11	8
9192	12	9
9193	26	8
9194	84	7
9195	68	7
9196	11	7
9197	10	7
9198	16	8
9199	10	8
9200	69	7
9201	20	7
9202	99	6
9203	7	6
9204	47	6
9205	12	6
9206	86	6
9207	61	6
9208	8	6
9209	37	6
9210	7	6
9211	35	6
9212	9	6
9213	8	6
9214	15	6
9215	16	6
9216	15	6
9217	7	6
9218	20	6
9219	101	6
9220	12	6
9221	40	7
9222	31	7
9223	38	6
9224	16	6
9225	9	6
9226	8	6
9227	8	6
9228	43	6
9229	7	6
9230	136	6
9231	12	6
9232	22	6
9233	78	6
9234	68	6
9235	94	6
9236	12	7
9237	8	7
9238	7	7
9239	10	7
9240	14	7
9241	87	7
9242	8	7
9243	10	7
9244	126	6
9245	12	6
9246	43	7
9247	10	7
9248	53	6
9249	65	6
9250	28	6
9251	42	6
9252	25	6
9253	22	6
9254	117	5
9255	11	5
9256	48	5
9257	11	5
9258	10	5
9259	18	6
9260	68	5
9261	25	5
9262	75	5
9263	10	6
9264	59	5
9265	9	6
9266	42	6
9267	100	5
9268	10	5
9269	9	5
9270	12	5
9271	11	5
9272	39	5
9273	76	5
9274	13	5
9275	102	5
9276	21	5
9277	10	6
9278	11	7
9279	14	7
9280	76	5
9281	17	6
9282	41	5
9283	20	5
9284	65	6
9285	19	6
9286	25	6
9287	37	6
9288	33	6
9289	18	6
9290	107	6
9291	13	6
9292	59	6
9293	7	6
9294	19	6
9295	34	6
9296	25	6
9297	47	6
9298	56	6
9299	61	5
9300	9	5
9301	14	5
9302	8	5
9303	221	5
9304	48	5
9305	27	5
9306	24	5
9307	22	5
9308	8	5
9309	26	5
9310	61	5
9311	11	5
9312	30	6
9313	29	6
9314	12	6
9315	8	6
9316	40	6
9317	60	6
9318	20	6
9319	32	6
9320	29	6
9321	13	6
9322	8	6
9323	9	6
9324	34	6
9325	10	6
9326	116	6
9327	53	6
9328	32	6
9329	8	6
9330	9	6
9331	10	6
9332	11	6
9333	29	6
9334	44	7
9335	47	6
9336	11	7
9337	140	5
9338	118	5
9339	43	5
9340	16	5
9341	11	5
9342	32	5
9343	29	5
9344	12	5
9345	57	5
9346	12	5
9347	9	5
9348	28	5
9349	11	5
9350	59	5
9351	30	6
9352	44	5
9353	38	6
9354	64	5
9355	25	5
9356	85	5
9357	18	5
9358	29	5
9359	9	5
9360	31	5
9361	11	5
9362	159	5
9363	20	5
9364	8	5
9365	12	5
9366	10	5
9367	8	5
9368	39	5
9369	25	5
9370	63	5
9371	14	5
9372	50	6
9373	52	5
9374	32	5
9375	14	5
9376	76	5
9377	16	5
9378	30	5
9379	85	5
9380	99	5
9381	12	5
9382	9	5
9383	23	5
9384	18	5
9385	9	5
9386	52	5
9387	7	5
9388	8	6
9389	9	7
9390	17	7
9391	35	7
9392	42	6
9393	17	6
9394	13	7
9395	23	7
9396	71	7
9397	49	5
9398	7	5
9399	12	6
9400	25	6
9401	34	5
9402	32	5
9403	53	5
9404	22	5
9405	67	5
9406	10	5
9407	10	5
9408	10	6
9409	70	5
9410	12	5
9411	12	5
9412	23	5
9413	17	5
9414	14	5
9415	49	5
9416	31	5
9417	7	6
9418	7	6
9419	113	6
9420	98	5
9421	12	5
9422	17	5
9423	9	5
9424	8	5
9425	103	5
9426	9	5
9427	8	5
9428	43	6
9429	32	5
9430	11	5
9431	27	5
9432	11	5
9433	11	5
9434	9	5
9435	22	5
9436	12	5
9437	53	5
9438	10	5
9439	36	5
9440	28	5
9441	8	5
9442	7	5
9443	9	5
9444	10	5
9445	47	5
9446	14	5
9447	10	5
9448	16	5
9449	14	5
9450	29	5
9451	31	6
9452	44	5
9453	13	5
9454	111	5
9455	10	5
9456	57	5
9457	10	5
9458	16	5
9459	8	5
9460	43	5
9461	41	5
9462	52	5
9463	23	5
9464	28	5
9465	29	5
9466	11	5
9467	7	5
9468	70	5
9469	11	5
9470	84	5
9471	31	5
9472	59	5
9473	22	5
9474	59	5
9475	11	5
9476	62	5
9477	69	5
9478	10	5
9479	40	5
9480	9	5
9481	7	5
9482	9	5
9483	16	5
9484	10	5
9485	135	5
9486	8	5
9487	7	5
9488	59	5
9489	27	5
9490	7	5
9491	28	5
9492	8	5
9493	125	5
9494	9	5
9495	9	5
9496	13	5
9497	12	5
9498	10	5
9499	11	6
9500	14	6
9501	57	5
9502	8	5
9503	15	5
9504	15	5
9505	35	5
9506	50	6
9507	75	5
9508	24	5
9509	7	5
9510	10	5
9511	71	5
9512	27	5
9513	103	5
9514	53	5
9515	9	5
9516	32	5
9517	43	5
9518	16	5
9519	40	5
9520	126	5
9521	111	5
9522	35	6
9523	81	5
9524	19	6
9525	12	7
9526	56	5
9527	55	5
9528	101	5
9529	13	5
9530	8	5
9531	78	5
9532	8	5
9533	22	6
9534	44	5
9535	7	5
9536	40	5
9537	169	5
9538	7	5
9539	7	5
9540	12	5
9541	110	5
9542	75	5
9543	35	5
9544	29	5
9545	31	5
9546	18	5
9547	19	5
9548	10	5
9549	7	6
9550	74	5
9551	8	5
9552	21	5
9553	52	5
9554	9	5
9555	11	5
9556	13	5
9557	26	5
9558	67	5
9559	59	5
9560	37	5
9561	44	5
9562	52	5
9563	13	5
9564	44	5
9565	33	5
9566	8	5
9567	41	5
9568	14	5
9569	8	5
9570	9	5
9571	32	5
9572	20	5
9573	11	5
9574	24	5
9575	14	5
9576	44	5
9577	8	5
9578	17	5
9579	30	5
9580	52	5
9581	8	5
9582	60	5
9583	11	5
9584	12	5
9585	60	5
9586	38	5
9587	11	5
9588	9	5
9589	32	5
9590	73	5
9591	16	5
9592	29	5
9593	7	5
9594	13	5
9595	74	5
9596	11	5
9597	115	5
9598	8	5
9599	19	5
9600	8	5
9601	55	5
9602	37	5
9603	17	5
9604	108	5
9605	11	5
9606	8	5
9607	12	5
9608	39	5
9609	101	5
9610	15	5
9611	36	5
9612	21	5
9613	49	5
9614	9	5
9615	60	5
9616	24	6
9617	94	5
9618	7	6
9619	10	6
9620	20	6
9621	135	5
9622	11	5
9623	134	5
9624	8	5
9625	7	5
9626	64	5
9627	42	5
9628	12	5
9629	10	5
9630	11	5
9631	12	5
9632	27	5
9633	13	5
9634	12	5
9635	20	5
9636	10	5
9637	23	5
9638	71	5
9639	9	5
9640	69	5
9641	13	5
9642	60	5
9643	50	5
9644	8	5
9645	34	5
9646	14	6
9647	57	5
9648	28	5
9649	12	5
9650	20	5
9651	19	5
9652	68	5
9653	34	5
9654	13	5
9655	7	5
9656	14	5
9657	11	5
9658	7	5
9659	50	6
9660	33	5
9661	66	5
9662	8	5
9663	7	6
9664	28	6
9665	95	5
9666	11	5
9667	26	5
9668	25	5
9669	26	5
9670	14	5
9671	23	5
9672	13	5
9673	64	5
9674	7	5
9675	34	5
9676	41	5
9677	21	5
9678	10	6
9679	30	6
9680	18	6
9681	183	5
9682	36	5
9683	35	5
9684	46	5
9685	37	6
9686	39	5
9687	87	6
9688	42	5
9689	26	5
9690	25	5
9691	10	5
9692	15	5
9693	8	5
9694	28	6
9695	49	5
9696	15	5
9697	58	5
9698	8	5
9699	12	5
9700	24	5
9701	17	5
9702	13	5
9703	9	5
9704	44	5
9705	12	5
9706	20	5
9707	17	5
9708	73	5
9709	12	5
9710	17	5
9711	9	6
9712	7	6
9713	52	6
9714	7	6
9715	31	6
9716	10	6
9717	42	6
9718	16	6
9719	15	6
9720	10	6
9721	15	6
9722	7	6
9723	72	6
9724	172	5
9725	54	5
9726	21	5
9727	20	5
9728	11	5
9729	89	5
9730	8	5
9731	18	5
9732	9	5
9733	7	5
9734	19	5
9735	9	5
9736	16	5
9737	65	6
9738	134	5
9739	69	5
9740	72	5
9741	39	5
9742	14	5
9743	7	6
9744	45	5
9745	61	5
9746	28	5
9747	74	5
9748	13	5
9749	28	5
9750	10	5
9751	60	5
9752	168	6
9753	10	6
9754	39	6
9755	36	6
9756	12	6
9757	31	6
9758	10	6
9759	9	6
9760	18	6
9761	191	5
9762	14	5
9763	70	5
9764	18	5
9765	40	5
9766	8	6
9767	35	5
9768	7	5
9769	14	5
9770	11	5
9771	20	5
9772	28	5
9773	8	5
9774	9	5
9775	15	5
9776	8	5
9777	7	5
9778	18	5
9779	26	5
9780	12	5
9781	8	5
9782	12	5
9783	8	5
9784	29	5
9785	66	5
9786	11	5
9787	11	6
9788	80	5
9789	8	5
9790	64	5
9791	48	5
9792	32	5
9793	7	5
9794	19	5
9795	62	5
9796	13	5
9797	50	5
9798	10	5
9799	43	5
9800	70	5
9801	68	5
9802	7	6
9803	32	5
9804	7	5
9805	44	6
9806	33	5
9807	78	5
9808	14	5
9809	11	5
9810	65	5
9811	8	5
9812	14	5
9813	54	5
9814	86	5
9815	9	5
9816	29	5
9817	10	5
9818	48	5
9819	35	5
9820	45	5
9821	12	6
9822	47	5
9823	166	5
9824	61	5
9825	40	5
9826	16	5
9827	10	5
9828	74	5
9829	97	5
9830	8	5
9831	37	5
9832	42	6
9833	99	5
9834	82	6
9835	47	5
9836	21	5
9837	32	6
9838	23	6
9839	82	5
9840	13	5
9841	29	5
9842	34	5
9843	8	7
9844	27	6
9845	9	6
9846	78	5
9847	11	5
9848	22	5
9849	17	5
9850	15	5
9851	7	5
9852	52	5
9853	13	5
9854	24	5
9855	38	5
9856	66	5
9857	8	5
9858	49	5
9859	8	6
9860	21	6
9861	14	6
9862	17	6
9863	10	6
9864	83	6
9865	10	6
9866	9	6
9867	81	6
9868	72	5
9869	9	5
9870	65	5
9871	64	5
9872	64	5
9873	54	5
9874	9	5
9875	76	5
9876	64	5
9877	7	5
9878	9	5
9879	43	5
9880	25	5
9881	46	5
9882	22	5
9883	92	5
9884	44	5
9885	172	5
9886	8	5
9887	9	5
9888	9	5
9889	32	6
9890	7	6
9891	25	6
9892	50	6
9893	94	5
9894	12	6
9895	10	6
9896	7	6
9897	12	6
9898	37	7
9899	33	7
9900	73	6
9901	122	5
9902	90	5
9903	7	5
9904	28	5
9905	61	5
9906	36	5
9907	59	5
9908	60	5
9909	39	5
9910	50	5
9911	36	5
9912	13	5
9913	69	5
9914	11	5
9915	131	5
9916	13	5
9917	11	5
9918	10	5
9919	82	5
9920	9	5
9921	78	6
9922	116	5
9923	24	5
9924	9	5
9925	22	7
9926	25	6
9927	7	6
9928	10	6
9929	65	6
9930	20	6
9931	29	7
9932	58	6
9933	46	6
9934	7	6
9935	11	6
9936	114	5
9937	11	6
9938	33	5
9939	12	5
9940	7	5
9941	37	5
9942	12	5
9943	14	5
9944	8	5
9945	70	5
9946	51	5
9947	7	5
9948	70	5
9949	65	5
9950	13	5
9951	11	5
9952	20	5
9953	27	5
9954	51	5
9955	60	5
9956	21	6
9957	38	5
9958	19	5
9959	12	5
9960	26	5
9961	7	5
9962	35	5
9963	26	5
9964	38	5
9965	8	6
9966	41	5
9967	10	5
9968	54	5
9969	7	5
9970	43	6
9971	53	5
9972	9	5
9973	11	5
9974	90	5
9975	25	5
9976	82	5
9977	10	6
9978	46	5
9979	13	5
9980	11	5
9981	9	5
9982	8	5
9983	8	6
9984	13	7
9985	28	6
9986	47	6
9987	13	6
9988	37	6
9989	16	7
9990	31	6
9991	29	6
9992	12	6
9993	9	8
9994	131	5
9995	10	5
9996	29	5
9997	130	5
9998	13	5
9999	13	6
